Status,Site,Hostname,Type,Last User,OS,Serial Number,Description,Last Seen,MAC Address(es),Device CPU
Offline,Dameron Hospital,CPC-Hth-8zkX4g5,Desktop,,Microsoft Windows 11 Enterprise 10.0.26100,0000-0011-9662-9403-9202-9084-51,CPC-Hth-8zkX4g5,2025-03-19T04:09:45Z,00:22:48:79:3D:8C,"AMD EPYC 7763 64-Core Processor                "
Offline,Dameron Hospital,CPC-Hth-8zkX4g5,Desktop,,Microsoft Windows 11 Enterprise 10.0.26100,0000-0001-4178-3409-1686-0200-20,CPC-Hth-8zkX4g5,2025-03-19T10:11:54Z,00:0D:3A:FB:55:F8,"AMD EPYC 7763 64-Core Processor                "
Offline,Dameron Hospital,CPC-Hth-8zkX4g5,Desktop,,Microsoft Windows 11 Enterprise 10.0.26100,0000-0003-2603-2378-5645-9025-11,CPC-Hth-8zkX4g5,2025-03-19T16:16:19Z,00:0D:3A:06:C5:CE,"AMD EPYC 7763 64-Core Processor                "
Offline,Dameron Hospital,CPC-Hth-8zkX4g5,Desktop,,Microsoft Windows 11 Enterprise 10.0.26100,0000-0016-9923-5385-0007-0446-05,CPC-Hth-8zkX4g5,2025-03-20T04:21:05Z,00:22:48:BF:66:AB,"AMD EPYC 7763 64-Core Processor                "
Offline,Dameron Hospital,CPC-Hth-8zkX4g5,Desktop,,,,CPC-Hth-8zkX4g5,2025-03-20T10:15:38Z,,
Offline,Dameron Hospital,CPC-Hth-8zkX4g5,Desktop,,Microsoft Windows 11 Enterprise 10.0.26100,0000-0018-1226-3802-7851-3196-67,CPC-Hth-8zkX4g5,2025-03-20T16:29:02Z,00:0D:3A:F6:CD:02,"AMD EPYC 7763 64-Core Processor                "
Offline,Dameron Hospital,CPC-Hth-8zkX4g5,Desktop,,Microsoft Windows 11 Enterprise 10.0.26100,0000-0001-1650-0929-4575-7505-23,CPC-Hth-8zkX4g5,2025-03-20T22:31:11Z,00:22:48:B5:F6:A5,"AMD EPYC 7763 64-Core Processor                "
Offline,Dameron Hospital,CPC-Hth-8zkX4g5,Desktop,,,,CPC-Hth-8zkX4g5,2025-03-21T04:22:49Z,,
Offline,Dameron Hospital,CPC-Hth-8zkX4g5,Desktop,,Microsoft Windows 11 Enterprise 10.0.26100,0000-0015-3128-3131-1138-0149-83,CPC-Hth-8zkX4g5,2025-03-21T10:36:14Z,00:22:48:BC:49:7A,"AMD EPYC 7763 64-Core Processor                "
Offline,Dameron Hospital,CPC-Hth-8zkX4g5,Desktop,,,,CPC-Hth-8zkX4g5,2025-03-21T16:30:42Z,,
Offline,Dameron Hospital,CPC-Hth-8zkX4g5,Desktop,,,,CPC-Hth-8zkX4g5,2025-03-21T22:33:17Z,,
Offline,Dameron Hospital,CPC-Hth-8zkX4g5,Desktop,,,,CPC-Hth-8zkX4g5,2025-03-22T10:38:47Z,,
Offline,Dameron Hospital,CPC-Hth-8zkX4g5,Desktop,,,,CPC-Hth-8zkX4g5,2025-03-22T22:45:02Z,,
Offline,Dameron Hospital,CPC-Hth-8zkX4g5,Desktop,,,,CPC-Hth-8zkX4g5,2025-03-23T04:48:13Z,,
Offline,Dameron Hospital,CPC-Hth-8zkX4g5,Desktop,,,,CPC-Hth-8zkX4g5,2025-03-23T10:51:11Z,,
Offline,Dameron Hospital,CPC-Hth-8zkX4g5,Desktop,,,,CPC-Hth-8zkX4g5,2025-03-23T16:56:03Z,,
Offline,Dameron Hospital,CPC-Hth-8zkX4g5,Desktop,,Microsoft Windows 11 Enterprise 10.0.26100,0000-0016-0857-4066-9868-1968-32,CPC-Hth-8zkX4g5,2025-03-23T22:56:46Z,00:0D:3A:FE:1F:C9,"AMD EPYC 7763 64-Core Processor                "
Offline,Dameron Hospital,CPC-Hth-8zkX4g5,Desktop,,,,CPC-Hth-8zkX4g5,2025-03-24T05:00:36Z,,
Offline,Dameron Hospital,CPC-Hth-8zkX4g5,Desktop,,,,CPC-Hth-8zkX4g5,2025-03-24T11:04:41Z,,
Offline,Dameron Hospital,CPC-Hth-8zkX4g5,Desktop,,,,CPC-Hth-8zkX4g5,2025-03-24T23:09:34Z,,
Offline,Dameron Hospital,CPC-Hth-8zkX4g5,Desktop,,,,CPC-Hth-8zkX4g5,2025-03-25T05:11:39Z,,
Offline,Dameron Hospital,CPC-Hth-8zkX4g5,Desktop,,,,CPC-Hth-8zkX4g5,2025-03-25T11:15:18Z,,
Offline,Dameron Hospital,CPC-Hth-8zkX4g5,Desktop,,Microsoft Windows 11 Enterprise 10.0.26100,0000-0017-3457-6722-7001-0967-97,CPC-Hth-8zkX4g5,2025-03-25T17:17:24Z,00:0D:3A:6E:B2:CD,"AMD EPYC 7763 64-Core Processor                "
Offline,Dameron Hospital,CPC-Hth-8zkX4g5,Desktop,,Microsoft Windows 11 Enterprise 10.0.26100,0000-0002-9768-7960-6240-9214-32,CPC-Hth-8zkX4g5,2025-03-25T23:21:18Z,00:22:48:BA:EB:45,"AMD EPYC 7763 64-Core Processor                "
Offline,Dameron Hospital,CPC-Hth-8zkX4g5,Desktop,,,,CPC-Hth-8zkX4g5,2025-03-26T05:24:04Z,,
Offline,Dameron Hospital,CPC-Hth-8zkX4g5,Desktop,,Microsoft Windows 11 Enterprise 10.0.26100,0000-0003-9554-7956-3282-8923-76,CPC-Hth-8zkX4g5,2025-03-26T11:26:34Z,00:22:48:B8:4B:EF,"AMD EPYC 7763 64-Core Processor                "
Offline,Dameron Hospital,CPC-Hth-8zkX4g5,Desktop,,Microsoft Windows 11 Enterprise 10.0.26100,0000-0004-3721-2246-7160-9672-78,CPC-Hth-8zkX4g5,2025-03-26T17:29:57Z,00:0D:3A:06:D1:B7,"AMD EPYC 7763 64-Core Processor                "
Offline,Dameron Hospital,CPC-Hth-8zkX4g5,Desktop,,Microsoft Windows 11 Enterprise 10.0.26100,0000-0013-6434-2713-4870-1457-08,CPC-Hth-8zkX4g5,2025-03-26T23:32:21Z,00:22:48:B4:BC:E2,"AMD EPYC 7763 64-Core Processor                "
Offline,Dameron Hospital,CPC-Hth-ixxdIyB,Desktop,,Microsoft Windows 10 Enterprise 10.0.19044,0000-0012-9006-1331-3394-1339-06,CPC-Hth-ixxdIyB,2025-01-25T03:40:46Z,00:0D:3A:C2:FF:7A,"AMD EPYC 7763 64-Core Processor                "
Offline,Dameron Hospital,CPC-Hth-ixxdIyB,Desktop,,Microsoft Windows 10 Enterprise 10.0.19044,0000-0007-9201-7728-1956-5316-51,CPC-Hth-ixxdIyB,2025-01-25T09:44:16Z,00:0D:3A:FE:F1:23,"AMD EPYC 7763 64-Core Processor                "
Offline,Dameron Hospital,CPC-Hth-ixxdIyB,Desktop,,Microsoft Windows 10 Enterprise 10.0.19044,0000-0007-9381-8654-0062-5579-86,CPC-Hth-ixxdIyB,2025-01-25T15:44:38Z,00:0D:3A:C2:B3:5F,"AMD EPYC 7763 64-Core Processor                "
Offline,Dameron Hospital,CPC-Hth-ixxdIyB,Desktop,,Microsoft Windows 10 Enterprise 10.0.19044,0000-0014-8310-9635-8116-0830-14,CPC-Hth-ixxdIyB,2025-01-25T21:49:29Z,00:22:48:B6:07:C7,"AMD EPYC 7763 64-Core Processor                "
Offline,Dameron Hospital,CPC-Hth-ixxdIyB,Desktop,,Microsoft Windows 11 Enterprise 10.0.26100,0000-0005-4956-6922-2074-2407-59,CPC-Hth-ixxdIyB,2025-01-26T04:29:12Z,00:22:48:78:2E:8A,"AMD EPYC 7763 64-Core Processor                "
Offline,Dameron Hospital,CPC-Hth-ixxdIyB,Desktop,,Microsoft Windows 11 Enterprise 10.0.26100,0000-0013-9005-3275-7534-8219-68,CPC-Hth-ixxdIyB,2025-01-26T12:19:14Z,00:22:48:79:51:25,"AMD EPYC 7763 64-Core Processor                "
Offline,Dameron Hospital,CPC-Hth-ixxdIyB,Desktop,,Microsoft Windows 11 Enterprise 10.0.26100,0000-0014-2599-1579-1674-3962-33,CPC-Hth-ixxdIyB,2025-01-26T19:12:36Z,00:22:48:7C:85:75,"AMD EPYC 7763 64-Core Processor                "
Offline,Dameron Hospital,CPC-Hth-ixxdIyB,Desktop,,Microsoft Windows 11 Enterprise 10.0.26100,0000-0009-8304-4818-6581-5327-58,CPC-Hth-ixxdIyB,2025-01-26T22:05:20Z,00:0D:3A:F7:51:E3,"AMD EPYC 7763 64-Core Processor                "
Offline,Dameron Hospital,CPC-Hth-ixxdIyB,Desktop,,Microsoft Windows 11 Enterprise 10.0.26100,0000-0017-2229-3976-4188-6623-68,CPC-Hth-ixxdIyB,2025-01-27T04:08:31Z,00:0D:3A:C3:65:5E,"AMD EPYC 7763 64-Core Processor                "
Offline,Dameron Hospital,CPC-Hth-ixxdIyB,Desktop,,Microsoft Windows 11 Enterprise 10.0.26100,0000-0012-7313-1995-2604-9415-05,CPC-Hth-ixxdIyB,2025-01-27T10:12:38Z,00:22:48:B7:58:D1,"AMD EPYC 7763 64-Core Processor                "
Offline,Dameron Hospital,CPC-Hth-ixxdIyB,Desktop,,Microsoft Windows 11 Enterprise 10.0.26100,0000-0012-5923-0651-3606-7579-03,CPC-Hth-ixxdIyB,2025-01-27T16:14:16Z,00:0D:3A:F7:6F:F7,"AMD EPYC 7763 64-Core Processor                "
Offline,Dameron Hospital,CPC-Hth-ixxdIyB,Desktop,,Microsoft Windows 11 Enterprise 10.0.26100,0000-0001-8940-3639-3279-7027-89,CPC-Hth-ixxdIyB,2025-01-27T22:17:49Z,00:0D:3A:C4:4A:50,"AMD EPYC 7763 64-Core Processor                "
Offline,Dameron Hospital,CPC-Hth-ixxdIyB,Desktop,,Microsoft Windows 11 Enterprise 10.0.26100,0000-0009-2463-4638-3498-3012-34,CPC-Hth-ixxdIyB,2025-01-28T04:21:12Z,00:0D:3A:F9:25:7E,"AMD EPYC 7763 64-Core Processor                "
Offline,Dameron Hospital,CPC-Hth-ixxdIyB,Desktop,,Microsoft Windows 11 Enterprise 10.0.26100,0000-0008-5834-7150-7224-2816-44,CPC-Hth-ixxdIyB,2025-01-28T10:23:02Z,00:0D:3A:F9:DD:B0,"AMD EPYC 7763 64-Core Processor                "
Offline,Dameron Hospital,CPC-Hth-ixxdIyB,Desktop,,Microsoft Windows 11 Enterprise 10.0.26100,0000-0013-7626-6454-8310-0103-30,CPC-Hth-ixxdIyB,2025-01-28T16:26:14Z,00:0D:3A:06:1A:22,"AMD EPYC 7763 64-Core Processor                "
Offline,Dameron Hospital,CPC-Hth-ixxdIyB,Desktop,,Microsoft Windows 11 Enterprise 10.0.26100,0000-0005-4030-4182-0422-9149-44,CPC-Hth-ixxdIyB,2025-01-28T22:30:31Z,00:22:48:BF:CF:8F,"AMD EPYC 7763 64-Core Processor                "
Offline,Dameron Hospital,CPC-Hth-ixxdIyB,Desktop,,Microsoft Windows 11 Enterprise 10.0.26100,0000-0003-7310-4551-9115-7674-65,CPC-Hth-ixxdIyB,2025-01-28T23:57:21Z,00:0D:3A:F5:93:64,"AMD EPYC 7763 64-Core Processor                "
Offline,Dameron Hospital,CPC-Hth-ixxdIyB,Desktop,,Microsoft Windows 11 Enterprise 10.0.26100,0000-0008-1931-0320-3943-0742-71,CPC-Hth-ixxdIyB,2025-01-29T05:59:58Z,00:0D:3A:F7:AA:2A,"AMD EPYC 7763 64-Core Processor                "
Offline,Dameron Hospital,CPC-Hth-ixxdIyB,Desktop,,Microsoft Windows 11 Enterprise 10.0.26100,0000-0013-4290-4437-1879-7092-52,CPC-Hth-ixxdIyB,2025-01-29T12:01:55Z,00:0D:3A:F9:23:B4,"AMD EPYC 7763 64-Core Processor                "
Offline,Dameron Hospital,CPC-Hth-ixxdIyB,Desktop,,Microsoft Windows 11 Enterprise 10.0.26100,0000-0005-1293-8901-7545-3944-14,CPC-Hth-ixxdIyB,2025-01-29T18:06:19Z,00:0D:3A:F7:DD:3C,"AMD EPYC 7763 64-Core Processor                "
Offline,Dameron Hospital,CPC-Hth-ixxdIyB,Desktop,,Microsoft Windows 11 Enterprise 10.0.26100,0000-0016-9339-2439-2551-2703-30,CPC-Hth-ixxdIyB,2025-01-30T00:11:41Z,00:22:48:B9:EF:73,"AMD EPYC 7763 64-Core Processor                "
Offline,Dameron Hospital,CPC-Hth-ixxdIyB,Desktop,,Microsoft Windows 11 Enterprise 10.0.26100,0000-0001-1240-2664-5059-4878-12,CPC-Hth-ixxdIyB,2025-01-30T06:14:22Z,00:22:48:B5:7B:5D,"AMD EPYC 7763 64-Core Processor                "
Offline,Dameron Hospital,CPC-Hth-ixxdIyB,Desktop,,Microsoft Windows 11 Enterprise 10.0.26100,0000-0007-8019-7364-3195-0764-99,CPC-Hth-ixxdIyB,2025-01-30T12:17:07Z,00:0D:3A:C3:D5:AC,"AMD EPYC 7763 64-Core Processor                "
Offline,Dameron Hospital,CPC-Hth-ixxdIyB,Desktop,,Microsoft Windows 11 Enterprise 10.0.26100,0000-0012-9251-5680-9750-6932-51,CPC-Hth-ixxdIyB,2025-01-30T18:20:29Z,00:22:48:BB:87:27,"AMD EPYC 7763 64-Core Processor                "
Offline,Dameron Hospital,CPC-Hth-ixxdIyB,Desktop,,Microsoft Windows 11 Enterprise 10.0.26100,0000-0003-8949-7247-8679-8934-21,CPC-Hth-ixxdIyB,2025-01-31T00:23:47Z,00:0D:3A:F7:8C:35,"AMD EPYC 7763 64-Core Processor                "
Offline,Dameron Hospital,CPC-Hth-ixxdIyB,Desktop,,Microsoft Windows 11 Enterprise 10.0.26100,0000-0000-6149-4163-6254-7784-95,CPC-Hth-ixxdIyB,2025-01-31T06:27:20Z,00:22:48:7C:A8:79,"AMD EPYC 7763 64-Core Processor                "
Offline,Dameron Hospital,CPC-Hth-ixxdIyB,Desktop,,Microsoft Windows 11 Enterprise 10.0.26100,0000-0011-5841-1384-6493-5971-77,CPC-Hth-ixxdIyB,2025-01-31T12:30:38Z,00:0D:3A:FD:41:94,"AMD EPYC 7763 64-Core Processor                "
Offline,Dameron Hospital,CPC-Hth-ixxdIyB,Desktop,,Microsoft Windows 11 Enterprise 10.0.26100,0000-0014-9657-5116-1174-9669-15,CPC-Hth-ixxdIyB,2025-01-31T18:33:24Z,00:0D:3A:FE:0D:62,"AMD EPYC 7763 64-Core Processor                "
Offline,Dameron Hospital,CPC-Hth-ixxdIyB,Desktop,,Microsoft Windows 11 Enterprise 10.0.26100,0000-0012-1220-1085-5536-7392-07,CPC-Hth-ixxdIyB,2025-02-01T00:35:03Z,00:22:48:78:AC:D3,"AMD EPYC 7763 64-Core Processor                "
Offline,Dameron Hospital,CPC-Hth-ixxdIyB,Desktop,,Microsoft Windows 11 Enterprise 10.0.26100,0000-0012-0712-1883-5593-1871-24,CPC-Hth-ixxdIyB,2025-02-01T06:38:38Z,00:22:48:BE:BC:7F,"AMD EPYC 7763 64-Core Processor                "
Offline,Dameron Hospital,CPC-Hth-ixxdIyB,Desktop,,Microsoft Windows 11 Enterprise 10.0.26100,0000-0003-9602-3395-7401-5772-84,CPC-Hth-ixxdIyB,2025-02-01T18:43:46Z,00:22:48:BA:62:EA,"AMD EPYC 7763 64-Core Processor                "
Offline,Dameron Hospital,CPC-Hth-ixxdIyB,Desktop,,Microsoft Windows 11 Enterprise 10.0.26100,0000-0009-3503-2171-4021-6162-73,CPC-Hth-ixxdIyB,2025-02-02T00:47:32Z,00:22:48:7C:F3:31,"AMD EPYC 7763 64-Core Processor                "
Offline,Dameron Hospital,CPC-Hth-ixxdIyB,Desktop,,Microsoft Windows 11 Enterprise 10.0.26100,0000-0010-0186-8316-9268-3211-82,CPC-Hth-ixxdIyB,2025-02-02T12:53:15Z,00:0D:3A:FC:C8:B4,"AMD EPYC 7763 64-Core Processor                "
Offline,Dameron Hospital,CPC-Hth-ixxdIyB,Desktop,,Microsoft Windows 11 Enterprise 10.0.26100,0000-0013-2156-2171-8362-8329-05,CPC-Hth-ixxdIyB,2025-02-03T07:02:19Z,00:22:48:7E:07:56,"AMD EPYC 7763 64-Core Processor                "
Offline,Dameron Hospital,CPC-Hth-ixxdIyB,Desktop,,Microsoft Windows 11 Enterprise 10.0.26100,0000-0008-9581-1781-7230-8380-27,CPC-Hth-ixxdIyB,2025-02-03T13:05:26Z,00:22:48:78:C7:06,"AMD EPYC 7763 64-Core Processor                "
Offline,Dameron Hospital,CPC-Hth-ixxdIyB,Desktop,,Microsoft Windows 11 Enterprise 10.0.26100,0000-0001-1175-3725-6475-1512-23,CPC-Hth-ixxdIyB,2025-02-03T19:07:53Z,00:22:48:79:4E:38,"AMD EPYC 7763 64-Core Processor                "
Offline,Dameron Hospital,CPC-Hth-ixxdIyB,Desktop,,Microsoft Windows 11 Enterprise 10.0.26100,0000-0007-3978-5163-2805-2984-89,CPC-Hth-ixxdIyB,2025-02-04T01:10:50Z,00:0D:3A:F6:1A:5A,"AMD EPYC 7763 64-Core Processor                "
Offline,Dameron Hospital,CPC-Hth-ixxdIyB,Desktop,,Microsoft Windows 11 Enterprise 10.0.26100,0000-0005-5216-7271-5221-6807-44,CPC-Hth-ixxdIyB,2025-02-04T07:15:08Z,00:22:48:7D:60:47,"AMD EPYC 7763 64-Core Processor                "
Offline,Dameron Hospital,CPC-Hth-ixxdIyB,Desktop,,Microsoft Windows 11 Enterprise 10.0.26100,0000-0011-2494-8117-2081-2639-25,CPC-Hth-ixxdIyB,2025-02-04T13:18:41Z,00:0D:3A:C3:B1:9B,"AMD EPYC 7763 64-Core Processor                "
Offline,Dameron Hospital,CPC-Hth-ixxdIyB,Desktop,,Microsoft Windows 11 Enterprise 10.0.26100,0000-0001-4529-9571-7129-1290-36,CPC-Hth-ixxdIyB,2025-02-04T19:23:06Z,00:0D:3A:F6:0F:0E,"AMD EPYC 7763 64-Core Processor                "
Offline,Dameron Hospital,CPC-Hth-ixxdIyB,Desktop,,Microsoft Windows 11 Enterprise 10.0.26100,0000-0008-8904-4752-4604-6266-74,CPC-Hth-ixxdIyB,2025-02-05T01:24:35Z,00:22:48:7D:71:74,"AMD EPYC 7763 64-Core Processor                "
Offline,Dameron Hospital,CPC-Hth-ixxdIyB,Desktop,,Microsoft Windows 11 Enterprise 10.0.26100,0000-0006-3591-7328-3512-6651-12,CPC-Hth-ixxdIyB,2025-02-05T07:27:48Z,00:0D:3A:F9:AA:42,"AMD EPYC 7763 64-Core Processor                "
Offline,Dameron Hospital,CPC-Hth-ixxdIyB,Desktop,,Microsoft Windows 11 Enterprise 10.0.26100,0000-0002-7620-3863-5922-2114-25,CPC-Hth-ixxdIyB,2025-02-05T13:30:28Z,00:0D:3A:FC:BD:42,"AMD EPYC 7763 64-Core Processor                "
Offline,Dameron Hospital,CPC-Hth-ixxdIyB,Desktop,,Microsoft Windows 11 Enterprise 10.0.26100,0000-0014-7458-4235-5033-0311-77,CPC-Hth-ixxdIyB,2025-02-05T19:34:00Z,00:0D:3A:FD:E5:74,"AMD EPYC 7763 64-Core Processor                "
Offline,Dameron Hospital,CPC-Hth-ixxdIyB,Desktop,,Microsoft Windows 11 Enterprise 10.0.26100,0000-0007-9063-8180-3249-4856-55,CPC-Hth-ixxdIyB,2025-02-06T01:36:39Z,00:0D:3A:F7:33:98,"AMD EPYC 7763 64-Core Processor                "
Offline,Dameron Hospital,CPC-Hth-ixxdIyB,Desktop,,Microsoft Windows 11 Enterprise 10.0.26100,0000-0016-4156-3485-9519-1352-07,CPC-Hth-ixxdIyB,2025-02-06T07:40:13Z,00:0D:3A:6E:CD:D0,"AMD EPYC 7763 64-Core Processor                "
Offline,Dameron Hospital,CPC-Hth-ixxdIyB,Desktop,,Microsoft Windows 11 Enterprise 10.0.26100,0000-0008-1639-9524-8353-2340-99,CPC-Hth-ixxdIyB,2025-02-06T13:43:17Z,00:22:48:B5:80:C1,"AMD EPYC 7763 64-Core Processor                "
Offline,Dameron Hospital,CPC-Hth-ixxdIyB,Desktop,,Microsoft Windows 11 Enterprise 10.0.26100,0000-0016-3103-5667-8647-1698-23,CPC-Hth-ixxdIyB,2025-02-06T19:45:30Z,00:0D:3A:6E:4B:53,"AMD EPYC 7763 64-Core Processor                "
Offline,Dameron Hospital,CPC-Hth-ixxdIyB,Desktop,,Microsoft Windows 11 Enterprise 10.0.26100,0000-0006-4366-6604-2467-1092-54,CPC-Hth-ixxdIyB,2025-02-07T01:46:49Z,00:0D:3A:F7:1D:12,"AMD EPYC 7763 64-Core Processor                "
Offline,Dameron Hospital,CPC-Hth-ixxdIyB,Desktop,,Microsoft Windows 11 Enterprise 10.0.26100,0000-0016-5976-9798-9879-4814-01,CPC-Hth-ixxdIyB,2025-02-07T07:53:37Z,00:22:48:77:57:D9,"AMD EPYC 7763 64-Core Processor                "
Offline,Dameron Hospital,CPC-Hth-ixxdIyB,Desktop,,Microsoft Windows 11 Enterprise 10.0.26100,0000-0005-3473-8773-1495-6338-55,CPC-Hth-ixxdIyB,2025-02-07T13:55:06Z,00:22:48:B4:B0:ED,"AMD EPYC 7763 64-Core Processor                "
Offline,Dameron Hospital,CPC-Hth-ixxdIyB,Desktop,,Microsoft Windows 11 Enterprise 10.0.26100,0000-0014-5355-8907-7212-4162-66,CPC-Hth-ixxdIyB,2025-02-07T19:55:33Z,00:22:48:C0:B6:1D,"AMD EPYC 7763 64-Core Processor                "
Offline,Dameron Hospital,CPC-Hth-ixxdIyB,Desktop,,Microsoft Windows 11 Enterprise 10.0.26100,0000-0002-6435-3176-1210-5759-50,CPC-Hth-ixxdIyB,2025-02-08T02:00:30Z,00:22:48:78:C1:03,"AMD EPYC 7763 64-Core Processor                "
Offline,Dameron Hospital,CPC-Hth-ixxdIyB,Desktop,,Microsoft Windows 11 Enterprise 10.0.26100,0000-0017-8598-4853-9284-6551-92,CPC-Hth-ixxdIyB,2025-02-08T08:02:44Z,00:0D:3A:FE:8D:AF,"AMD EPYC 7763 64-Core Processor                "
Offline,Dameron Hospital,CPC-Hth-ixxdIyB,Desktop,,Microsoft Windows 11 Enterprise 10.0.26100,0000-0005-2622-5917-4894-6172-79,CPC-Hth-ixxdIyB,2025-02-08T14:06:53Z,00:22:48:BE:C6:87,"AMD EPYC 7763 64-Core Processor                "
Offline,Dameron Hospital,CPC-Hth-ixxdIyB,Desktop,,Microsoft Windows 11 Enterprise 10.0.26100,0000-0013-5638-2539-5953-7171-97,CPC-Hth-ixxdIyB,2025-02-08T20:09:29Z,00:22:48:B9:40:C1,"AMD EPYC 7763 64-Core Processor                "
Offline,Dameron Hospital,CPC-Hth-ixxdIyB,Desktop,,Microsoft Windows 11 Enterprise 10.0.26100,0000-0008-4511-4858-1053-7433-03,CPC-Hth-ixxdIyB,2025-02-09T02:12:53Z,00:22:48:BB:5F:C0,"AMD EPYC 7763 64-Core Processor                "
Offline,Dameron Hospital,CPC-Hth-ixxdIyB,Desktop,,Microsoft Windows 11 Enterprise 10.0.26100,0000-0016-2235-3695-4256-1465-85,CPC-Hth-ixxdIyB,2025-02-09T08:14:04Z,00:22:48:7B:47:85,"AMD EPYC 7763 64-Core Processor                "
Offline,Dameron Hospital,CPC-Hth-ixxdIyB,Desktop,,Microsoft Windows 11 Enterprise 10.0.26100,0000-0002-9415-6675-5141-6667-85,CPC-Hth-ixxdIyB,2025-02-09T14:18:15Z,00:22:48:B5:9B:0F,"AMD EPYC 7763 64-Core Processor                "
Offline,Dameron Hospital,CPC-Hth-ixxdIyB,Desktop,,Microsoft Windows 11 Enterprise 10.0.26100,0000-0009-6243-3371-4714-6754-03,CPC-Hth-ixxdIyB,2025-02-09T20:20:10Z,00:22:48:7D:A9:20,"AMD EPYC 7763 64-Core Processor                "
Offline,Dameron Hospital,CPC-Hth-ixxdIyB,Desktop,,Microsoft Windows 11 Enterprise 10.0.26100,0000-0000-1126-2412-7920-9813-60,CPC-Hth-ixxdIyB,2025-02-10T02:23:23Z,00:0D:3A:FF:83:CD,"AMD EPYC 7763 64-Core Processor                "
Offline,Dameron Hospital,CPC-Hth-ixxdIyB,Desktop,,Microsoft Windows 11 Enterprise 10.0.26100,0000-0005-7048-2055-7865-7668-20,CPC-Hth-ixxdIyB,2025-02-10T14:29:57Z,00:22:48:BE:31:74,"AMD EPYC 7763 64-Core Processor                "
Offline,Dameron Hospital,CPC-Hth-ixxdIyB,Desktop,,Microsoft Windows 11 Enterprise 10.0.26100,0000-0006-5629-6732-4536-6207-77,CPC-Hth-ixxdIyB,2025-02-10T20:32:40Z,00:22:48:C1:BE:A2,"AMD EPYC 7763 64-Core Processor                "
Offline,Dameron Hospital,CPC-Hth-ixxdIyB,Desktop,,Microsoft Windows 11 Enterprise 10.0.26100,0000-0003-1803-9994-5252-0952-97,CPC-Hth-ixxdIyB,2025-02-11T02:35:50Z,00:0D:3A:F9:4D:13,"AMD EPYC 7763 64-Core Processor                "
Offline,Dameron Hospital,CPC-Hth-ixxdIyB,Desktop,,Microsoft Windows 11 Enterprise 10.0.26100,0000-0009-4924-5699-4014-6447-66,CPC-Hth-ixxdIyB,2025-02-11T08:40:05Z,00:0D:3A:FC:E7:3C,"AMD EPYC 7763 64-Core Processor                "
Offline,Dameron Hospital,CPC-Hth-ixxdIyB,Desktop,,Microsoft Windows 11 Enterprise 10.0.26100,0000-0007-8682-1744-4456-2208-95,CPC-Hth-ixxdIyB,2025-02-11T14:41:48Z,00:0D:3A:FC:F7:2C,"AMD EPYC 7763 64-Core Processor                "
Offline,Dameron Hospital,CPC-Hth-ixxdIyB,Desktop,,,,CPC-Hth-ixxdIyB,2025-02-11T20:44:33Z,,
Offline,Dameron Hospital,CPC-Hth-ixxdIyB,Desktop,,Microsoft Windows 11 Enterprise 10.0.26100,0000-0007-2819-8064-4218-6546-74,CPC-Hth-ixxdIyB,2025-02-12T02:46:58Z,00:22:48:C2:78:5B,"AMD EPYC 7763 64-Core Processor                "
Offline,Dameron Hospital,CPC-Hth-ixxdIyB,Desktop,,,,CPC-Hth-ixxdIyB,2025-02-12T08:50:14Z,,
Offline,Dameron Hospital,CPC-Hth-ixxdIyB,Desktop,,,,CPC-Hth-ixxdIyB,2025-02-12T14:53:06Z,,
Offline,Dameron Hospital,CPC-Hth-ixxdIyB,Desktop,,Microsoft Windows 11 Enterprise 10.0.26100,0000-0017-8724-5532-6568-1734-19,CPC-Hth-ixxdIyB,2025-02-12T20:56:27Z,00:22:48:C1:69:9C,"AMD EPYC 7763 64-Core Processor                "
Offline,Dameron Hospital,CPC-Hth-ixxdIyB,Desktop,,Microsoft Windows 11 Enterprise 10.0.26100,0000-0016-5002-9940-5488-1149-27,CPC-Hth-ixxdIyB,2025-02-13T03:01:00Z,00:0D:3A:FD:20:65,"AMD EPYC 7763 64-Core Processor                "
Offline,Dameron Hospital,CPC-Hth-ixxdIyB,Desktop,,Microsoft Windows 11 Enterprise 10.0.26100,0000-0007-8161-6775-3558-4750-39,CPC-Hth-ixxdIyB,2025-02-13T09:02:44Z,00:22:48:79:87:5D,"AMD EPYC 7763 64-Core Processor                "
Offline,Dameron Hospital,CPC-Hth-ixxdIyB,Desktop,,,,CPC-Hth-ixxdIyB,2025-02-13T15:04:47Z,,
Offline,Dameron Hospital,CPC-Hth-ixxdIyB,Desktop,,,,CPC-Hth-ixxdIyB,2025-02-13T21:09:40Z,,
Offline,Dameron Hospital,CPC-Hth-ixxdIyB,Desktop,,Microsoft Windows 11 Enterprise 10.0.26100,0000-0001-6432-0779-5903-1889-36,CPC-Hth-ixxdIyB,2025-02-14T03:11:13Z,00:0D:3A:6E:DC:A1,"AMD EPYC 7763 64-Core Processor                "
Offline,Dameron Hospital,CPC-Hth-ixxdIyB,Desktop,,Microsoft Windows 11 Enterprise 10.0.26100,0000-0000-3285-6164-1272-1991-59,CPC-Hth-ixxdIyB,2025-02-14T09:13:34Z,00:0D:3A:F7:56:C3,"AMD EPYC 7763 64-Core Processor                "
Offline,Dameron Hospital,CPC-Hth-ixxdIyB,Desktop,,,,CPC-Hth-ixxdIyB,2025-02-14T15:18:13Z,,
Offline,Dameron Hospital,CPC-Hth-ixxdIyB,Desktop,,Microsoft Windows 11 Enterprise 10.0.26100,0000-0002-1135-5188-6106-1191-71,CPC-Hth-ixxdIyB,2025-02-14T21:20:12Z,00:0D:3A:C5:AC:AB,"AMD EPYC 7763 64-Core Processor                "
Offline,Dameron Hospital,CPC-Hth-ixxdIyB,Desktop,,Microsoft Windows 11 Enterprise 10.0.26100,0000-0015-9970-0059-2922-5269-97,CPC-Hth-ixxdIyB,2025-02-15T03:23:12Z,00:22:48:C0:36:6B,"AMD EPYC 7763 64-Core Processor                "
Offline,Dameron Hospital,CPC-Hth-ixxdIyB,Desktop,,,,CPC-Hth-ixxdIyB,2025-02-15T09:25:54Z,,
Offline,Dameron Hospital,CPC-Hth-ixxdIyB,Desktop,,Microsoft Windows 11 Enterprise 10.0.26100,0000-0005-5434-5030-6052-9015-03,CPC-Hth-ixxdIyB,2025-02-15T15:28:38Z,00:22:48:C2:06:7A,"AMD EPYC 7763 64-Core Processor                "
Offline,Dameron Hospital,CPC-Hth-ixxdIyB,Desktop,,Microsoft Windows 11 Enterprise 10.0.26100,0000-0002-4064-7034-2524-1594-88,CPC-Hth-ixxdIyB,2025-02-15T21:33:22Z,00:0D:3A:F5:22:19,"AMD EPYC 7763 64-Core Processor                "
Offline,Dameron Hospital,CPC-Hth-ixxdIyB,Desktop,,Microsoft Windows 11 Enterprise 10.0.26100,0000-0004-1334-4067-5165-9791-71,CPC-Hth-ixxdIyB,2025-02-16T03:38:50Z,00:0D:3A:F9:4E:AB,"AMD EPYC 7763 64-Core Processor                "
Offline,Dameron Hospital,CPC-Hth-ixxdIyB,Desktop,,Microsoft Windows 11 Enterprise 10.0.26100,0000-0005-4567-7057-8952-0482-44,CPC-Hth-ixxdIyB,2025-02-16T09:38:23Z,00:22:48:C0:96:FF,"AMD EPYC 7763 64-Core Processor                "
Offline,Dameron Hospital,CPC-Hth-ixxdIyB,Desktop,,Microsoft Windows 11 Enterprise 10.0.26100,0000-0013-5236-6753-3179-5388-50,CPC-Hth-ixxdIyB,2025-02-16T15:40:58Z,00:22:48:79:B7:2A,"AMD EPYC 7763 64-Core Processor                "
Offline,Dameron Hospital,CPC-Hth-ixxdIyB,Desktop,,Microsoft Windows 11 Enterprise 10.0.26100,0000-0011-4104-1966-7244-9590-74,CPC-Hth-ixxdIyB,2025-02-16T21:44:13Z,00:22:48:7C:03:45,"AMD EPYC 7763 64-Core Processor                "
Offline,Dameron Hospital,CPC-Hth-ixxdIyB,Desktop,,Microsoft Windows 11 Enterprise 10.0.26100,0000-0015-8877-1773-3778-0831-41,CPC-Hth-ixxdIyB,2025-02-17T03:47:13Z,00:0D:3A:6C:CE:D5,"AMD EPYC 7763 64-Core Processor                "
Offline,Dameron Hospital,CPC-Hth-ixxdIyB,Desktop,,Microsoft Windows 11 Enterprise 10.0.26100,0000-0008-0748-8057-4895-5739-41,CPC-Hth-ixxdIyB,2025-02-17T09:50:16Z,00:22:48:BF:78:46,"AMD EPYC 7763 64-Core Processor                "
Offline,Dameron Hospital,CPC-Hth-ixxdIyB,Desktop,,Microsoft Windows 11 Enterprise 10.0.26100,0000-0015-3070-3407-6222-4745-14,CPC-Hth-ixxdIyB,2025-02-17T15:53:51Z,00:22:48:B5:55:71,"AMD EPYC 7763 64-Core Processor                "
Offline,Dameron Hospital,CPC-Hth-ixxdIyB,Desktop,,Microsoft Windows 11 Enterprise 10.0.26100,0000-0003-7315-9114-3322-8964-67,CPC-Hth-ixxdIyB,2025-02-17T21:55:47Z,00:22:48:B4:25:2D,"AMD EPYC 7763 64-Core Processor                "
Offline,Dameron Hospital,CPC-Hth-ixxdIyB,Desktop,,,,CPC-Hth-ixxdIyB,2025-02-18T04:00:18Z,,
Offline,Dameron Hospital,CPC-Hth-ixxdIyB,Desktop,,Microsoft Windows 11 Enterprise 10.0.26100,0000-0009-8381-7133-3821-4833-36,CPC-Hth-ixxdIyB,2025-02-18T10:01:47Z,00:0D:3A:F7:DC:46,"AMD EPYC 7763 64-Core Processor                "
Offline,Dameron Hospital,CPC-Hth-ixxdIyB,Desktop,,Microsoft Windows 11 Enterprise 10.0.26100,0000-0010-7618-1320-2699-8310-92,CPC-Hth-ixxdIyB,2025-02-18T16:05:15Z,00:22:48:7B:6B:81,"AMD EPYC 7763 64-Core Processor                "
Offline,Dameron Hospital,CPC-Hth-ixxdIyB,Desktop,,Microsoft Windows 11 Enterprise 10.0.26100,0000-0002-1908-7111-1749-7493-47,CPC-Hth-ixxdIyB,2025-02-18T22:07:34Z,00:0D:3A:C6:83:CA,"AMD EPYC 7763 64-Core Processor                "
Offline,Dameron Hospital,CPC-Hth-ixxdIyB,Desktop,,Microsoft Windows 11 Enterprise 10.0.26100,0000-0010-8397-0000-2343-1114-68,CPC-Hth-ixxdIyB,2025-02-19T04:12:06Z,00:0D:3A:C3:75:AF,"AMD EPYC 7763 64-Core Processor                "
Offline,Dameron Hospital,CPC-Hth-ixxdIyB,Desktop,,Microsoft Windows 11 Enterprise 10.0.26100,0000-0001-3587-5093-4076-1145-70,CPC-Hth-ixxdIyB,2025-02-19T10:14:22Z,00:22:48:BE:FD:54,"AMD EPYC 7763 64-Core Processor                "
Offline,Dameron Hospital,CPC-Hth-ixxdIyB,Desktop,,Microsoft Windows 11 Enterprise 10.0.26100,0000-0004-6504-4745-7931-0546-97,CPC-Hth-ixxdIyB,2025-02-19T16:16:56Z,00:22:48:C1:0A:EC,"AMD EPYC 7763 64-Core Processor                "
Offline,Dameron Hospital,CPC-Hth-ixxdIyB,Desktop,,Microsoft Windows 11 Enterprise 10.0.26100,0000-0006-2952-8025-7047-3479-96,CPC-Hth-ixxdIyB,2025-02-19T22:20:15Z,00:22:48:77:F6:4C,"AMD EPYC 7763 64-Core Processor                "
Offline,Dameron Hospital,CPC-Hth-ixxdIyB,Desktop,,Microsoft Windows 11 Enterprise 10.0.26100,0000-0016-5257-3667-0010-8205-36,CPC-Hth-ixxdIyB,2025-02-20T04:24:05Z,00:22:48:B5:B4:D4,"AMD EPYC 7763 64-Core Processor                "
Offline,Dameron Hospital,CPC-Hth-ixxdIyB,Desktop,,,,CPC-Hth-ixxdIyB,2025-02-20T10:28:24Z,,
Offline,Dameron Hospital,CPC-Hth-ixxdIyB,Desktop,,Microsoft Windows 11 Enterprise 10.0.26100,0000-0012-1202-7360-7229-9826-38,CPC-Hth-ixxdIyB,2025-02-20T16:29:59Z,00:22:48:B9:E7:59,"AMD EPYC 7763 64-Core Processor                "
Offline,Dameron Hospital,CPC-Hth-ixxdIyB,Desktop,,Microsoft Windows 11 Enterprise 10.0.26100,0000-0003-0993-3215-8584-2779-04,CPC-Hth-ixxdIyB,2025-02-20T22:33:03Z,00:0D:3A:F9:00:36,"AMD EPYC 7763 64-Core Processor                "
Offline,Dameron Hospital,CPC-Hth-ixxdIyB,Desktop,,Microsoft Windows 11 Enterprise 10.0.26100,0000-0010-3234-8770-5423-2357-50,CPC-Hth-ixxdIyB,2025-02-21T04:36:05Z,00:0D:3A:6E:E4:EE,"AMD EPYC 7763 64-Core Processor                "
Offline,Dameron Hospital,CPC-Hth-ixxdIyB,Desktop,,Microsoft Windows 11 Enterprise 10.0.26100,0000-0001-6045-6459-4522-1450-29,CPC-Hth-ixxdIyB,2025-02-21T10:39:31Z,00:0D:3A:F7:CC:0E,"AMD EPYC 7763 64-Core Processor                "
Offline,Dameron Hospital,CPC-Hth-ixxdIyB,Desktop,,Microsoft Windows 11 Enterprise 10.0.26100,0000-0004-7669-8785-8264-6737-20,CPC-Hth-ixxdIyB,2025-02-21T16:43:45Z,00:0D:3A:FE:46:28,"AMD EPYC 7763 64-Core Processor                "
Offline,Dameron Hospital,CPC-Hth-ixxdIyB,Desktop,,Microsoft Windows 11 Enterprise 10.0.26100,0000-0005-3133-1228-9605-6978-74,CPC-Hth-ixxdIyB,2025-02-21T22:44:07Z,00:22:48:79:0B:E9,"AMD EPYC 7763 64-Core Processor                "
Offline,Dameron Hospital,CPC-Hth-ixxdIyB,Desktop,,Microsoft Windows 11 Enterprise 10.0.26100,0000-0010-7990-8523-4667-9322-30,CPC-Hth-ixxdIyB,2025-02-22T04:46:47Z,00:22:48:BB:25:6A,"AMD EPYC 7763 64-Core Processor                "
Offline,Dameron Hospital,CPC-Hth-ixxdIyB,Desktop,,Microsoft Windows 11 Enterprise 10.0.26100,0000-0008-3900-1980-3615-9380-72,CPC-Hth-ixxdIyB,2025-02-22T10:50:22Z,00:0D:3A:6D:23:AE,"AMD EPYC 7763 64-Core Processor                "
Offline,Dameron Hospital,CPC-Hth-ixxdIyB,Desktop,,Microsoft Windows 11 Enterprise 10.0.26100,0000-0008-0831-3323-6974-5352-87,CPC-Hth-ixxdIyB,2025-02-22T16:54:44Z,00:0D:3A:F5:19:7D,"AMD EPYC 7763 64-Core Processor                "
Offline,Dameron Hospital,CPC-Hth-ixxdIyB,Desktop,,Microsoft Windows 11 Enterprise 10.0.26100,0000-0018-3365-4731-9354-9689-48,CPC-Hth-ixxdIyB,2025-02-22T22:57:12Z,00:0D:3A:F7:A1:15,"AMD EPYC 7763 64-Core Processor                "
Offline,Dameron Hospital,CPC-Hth-ixxdIyB,Desktop,,Microsoft Windows 11 Enterprise 10.0.26100,0000-0015-6789-9975-2213-3511-81,CPC-Hth-ixxdIyB,2025-02-23T04:58:32Z,00:22:48:C0:81:78,"AMD EPYC 7763 64-Core Processor                "
Offline,Dameron Hospital,CPC-Hth-ixxdIyB,Desktop,,Microsoft Windows 11 Enterprise 10.0.26100,0000-0013-5338-9689-7999-0974-42,CPC-Hth-ixxdIyB,2025-02-23T11:01:49Z,00:0D:3A:FF:63:A5,"AMD EPYC 7763 64-Core Processor                "
Offline,Dameron Hospital,CPC-Hth-ixxdIyB,Desktop,,Microsoft Windows 11 Enterprise 10.0.26100,0000-0002-6572-2129-1337-4687-39,CPC-Hth-ixxdIyB,2025-02-23T17:05:52Z,00:0D:3A:C6:7F:BC,"AMD EPYC 7763 64-Core Processor                "
Offline,Dameron Hospital,CPC-Hth-ixxdIyB,Desktop,,Microsoft Windows 11 Enterprise 10.0.26100,0000-0002-3427-6176-8129-6107-35,CPC-Hth-ixxdIyB,2025-02-23T23:07:49Z,00:22:48:B9:09:ED,"AMD EPYC 7763 64-Core Processor                "
Offline,Dameron Hospital,CPC-Hth-ixxdIyB,Desktop,,Microsoft Windows 11 Enterprise 10.0.26100,0000-0013-4561-7430-6164-0346-52,CPC-Hth-ixxdIyB,2025-02-24T05:12:13Z,00:22:48:B8:73:B0,"AMD EPYC 7763 64-Core Processor                "
Offline,Dameron Hospital,CPC-Hth-ixxdIyB,Desktop,,Microsoft Windows 11 Enterprise 10.0.26100,0000-0014-3502-9602-2790-1299-32,CPC-Hth-ixxdIyB,2025-02-24T17:16:56Z,00:0D:3A:C5:97:D4,"AMD EPYC 7763 64-Core Processor                "
Offline,Dameron Hospital,CPC-Hth-ixxdIyB,Desktop,,Microsoft Windows 11 Enterprise 10.0.26100,0000-0017-0418-6129-6773-4811-41,CPC-Hth-ixxdIyB,2025-02-24T23:19:35Z,00:22:48:78:1E:4A,"AMD EPYC 7763 64-Core Processor                "
Offline,Dameron Hospital,CPC-Hth-ixxdIyB,Desktop,,Microsoft Windows 11 Enterprise 10.0.26100,0000-0015-6787-3246-6873-1921-59,CPC-Hth-ixxdIyB,2025-02-25T05:22:58Z,00:22:48:B9:54:80,"AMD EPYC 7763 64-Core Processor                "
Offline,Dameron Hospital,CPC-Hth-ixxdIyB,Desktop,,,,CPC-Hth-ixxdIyB,2025-02-25T11:27:18Z,,
Offline,Dameron Hospital,CPC-Hth-ixxdIyB,Desktop,,,,CPC-Hth-ixxdIyB,2025-02-25T17:30:37Z,,
Offline,Dameron Hospital,CPC-Hth-ixxdIyB,Desktop,,Microsoft Windows 11 Enterprise 10.0.26100,0000-0015-9684-9205-4275-6394-39,CPC-Hth-ixxdIyB,2025-02-25T23:32:31Z,00:22:48:BF:AC:A4,"AMD EPYC 7763 64-Core Processor                "
Offline,Dameron Hospital,CPC-Hth-ixxdIyB,Desktop,,Microsoft Windows 11 Enterprise 10.0.26100,0000-0010-2488-7406-2736-5402-23,CPC-Hth-ixxdIyB,2025-02-26T05:35:32Z,00:0D:3A:C3:C6:C3,"AMD EPYC 7763 64-Core Processor                "
Offline,Dameron Hospital,CPC-Hth-ixxdIyB,Desktop,,Microsoft Windows 11 Enterprise 10.0.26100,0000-0002-6853-6500-9150-5915-39,CPC-Hth-ixxdIyB,2025-02-26T11:38:41Z,00:22:48:C1:9D:57,"AMD EPYC 7763 64-Core Processor                "
Offline,Dameron Hospital,CPC-Hth-ixxdIyB,Desktop,,,,CPC-Hth-ixxdIyB,2025-02-26T17:41:37Z,,
Offline,Dameron Hospital,CPC-Hth-ixxdIyB,Desktop,,Microsoft Windows 11 Enterprise 10.0.26100,0000-0005-0955-9343-4416-1692-73,CPC-Hth-ixxdIyB,2025-02-26T23:43:55Z,00:0D:3A:6F:2D:18,"AMD EPYC 7763 64-Core Processor                "
Offline,Dameron Hospital,CPC-Hth-ixxdIyB,Desktop,,Microsoft Windows 11 Enterprise 10.0.26100,0000-0014-9152-9193-2256-1927-77,CPC-Hth-ixxdIyB,2025-02-27T05:47:01Z,00:0D:3A:F7:73:B0,"AMD EPYC 7763 64-Core Processor                "
Offline,Dameron Hospital,CPC-Hth-ixxdIyB,Desktop,,Microsoft Windows 11 Enterprise 10.0.26100,0000-0003-5108-3734-7143-7299-73,CPC-Hth-ixxdIyB,2025-02-27T11:50:27Z,00:22:48:C2:3A:97,"AMD EPYC 7763 64-Core Processor                "
Offline,Dameron Hospital,CPC-Hth-ixxdIyB,Desktop,,Microsoft Windows 11 Enterprise 10.0.26100,0000-0005-6314-1307-4781-6864-88,CPC-Hth-ixxdIyB,2025-02-27T17:53:33Z,00:22:48:C2:05:0F,"AMD EPYC 7763 64-Core Processor                "
Offline,Dameron Hospital,CPC-Hth-ixxdIyB,Desktop,,Microsoft Windows 11 Enterprise 10.0.26100,0000-0011-4809-0174-2716-8627-93,CPC-Hth-ixxdIyB,2025-02-27T23:55:30Z,00:22:48:7D:05:05,"AMD EPYC 7763 64-Core Processor                "
Offline,Dameron Hospital,CPC-Hth-ixxdIyB,Desktop,,Microsoft Windows 11 Enterprise 10.0.26100,0000-0017-0974-5359-3256-0866-57,CPC-Hth-ixxdIyB,2025-02-28T06:00:14Z,00:22:48:79:D0:4D,"AMD EPYC 7763 64-Core Processor                "
Offline,Dameron Hospital,CPC-Hth-ixxdIyB,Desktop,,Microsoft Windows 11 Enterprise 10.0.26100,0000-0014-3506-9660-8014-4862-59,CPC-Hth-ixxdIyB,2025-02-28T12:01:31Z,00:22:48:BF:6E:AD,"AMD EPYC 7763 64-Core Processor                "
Offline,Dameron Hospital,CPC-Hth-ixxdIyB,Desktop,,Microsoft Windows 11 Enterprise 10.0.26100,0000-0015-2928-6169-9557-3765-62,CPC-Hth-ixxdIyB,2025-02-28T18:04:57Z,00:22:48:C1:99:52,"AMD EPYC 7763 64-Core Processor                "
Offline,Dameron Hospital,CPC-Hth-ixxdIyB,Desktop,,Microsoft Windows 11 Enterprise 10.0.26100,0000-0007-2179-5983-9380-2946-00,CPC-Hth-ixxdIyB,2025-03-01T00:08:27Z,00:22:48:C1:8A:B2,"AMD EPYC 7763 64-Core Processor                "
Offline,Dameron Hospital,CPC-Hth-ixxdIyB,Desktop,,Microsoft Windows 11 Enterprise 10.0.26100,0000-0001-0970-8858-7502-5369-02,CPC-Hth-ixxdIyB,2025-03-01T06:11:35Z,00:22:48:77:C3:C4,"AMD EPYC 7763 64-Core Processor                "
Offline,Dameron Hospital,CPC-Hth-ixxdIyB,Desktop,,Microsoft Windows 11 Enterprise 10.0.26100,0000-0011-7669-2612-5987-0863-81,CPC-Hth-ixxdIyB,2025-03-01T12:15:02Z,00:0D:3A:FC:C6:9C,"AMD EPYC 7763 64-Core Processor                "
Offline,Dameron Hospital,CPC-Hth-ixxdIyB,Desktop,,Microsoft Windows 11 Enterprise 10.0.26100,0000-0013-8989-1043-9105-5134-38,CPC-Hth-ixxdIyB,2025-03-01T18:17:05Z,00:0D:3A:F5:C6:A3,"AMD EPYC 7763 64-Core Processor                "
Offline,Dameron Hospital,CPC-Hth-ixxdIyB,Desktop,,Microsoft Windows 11 Enterprise 10.0.26100,0000-0017-4891-1068-6909-1561-08,CPC-Hth-ixxdIyB,2025-03-02T00:20:31Z,00:22:48:B5:F9:25,"AMD EPYC 7763 64-Core Processor                "
Offline,Dameron Hospital,CPC-Hth-ixxdIyB,Desktop,,Microsoft Windows 11 Enterprise 10.0.26100,0000-0012-7505-1375-2109-1069-34,CPC-Hth-ixxdIyB,2025-03-02T06:23:13Z,00:0D:3A:F7:5C:AC,"AMD EPYC 7763 64-Core Processor                "
Offline,Dameron Hospital,CPC-Hth-ixxdIyB,Desktop,,,,CPC-Hth-ixxdIyB,2025-03-02T12:26:20Z,,
Offline,Dameron Hospital,CPC-Hth-ixxdIyB,Desktop,,Microsoft Windows 11 Enterprise 10.0.26100,0000-0008-1627-3025-6902-2774-96,CPC-Hth-ixxdIyB,2025-03-02T18:29:22Z,00:22:48:C0:47:C9,"AMD EPYC 7763 64-Core Processor                "
Offline,Dameron Hospital,CPC-Hth-ixxdIyB,Desktop,,Microsoft Windows 11 Enterprise 10.0.26100,0000-0007-8379-8723-6073-8508-88,CPC-Hth-ixxdIyB,2025-03-03T00:32:50Z,00:0D:3A:C2:F3:17,"AMD EPYC 7763 64-Core Processor                "
Offline,Dameron Hospital,CPC-Hth-ixxdIyB,Desktop,,Microsoft Windows 11 Enterprise 10.0.26100,0000-0014-2032-8131-9793-6757-80,CPC-Hth-ixxdIyB,2025-03-03T06:36:31Z,00:22:48:BB:34:33,"AMD EPYC 7763 64-Core Processor                "
Offline,Dameron Hospital,CPC-Hth-ixxdIyB,Desktop,,Microsoft Windows 11 Enterprise 10.0.26100,0000-0015-0988-8376-1066-0337-19,CPC-Hth-ixxdIyB,2025-03-03T12:37:20Z,00:0D:3A:6E:3E:C6,"AMD EPYC 7763 64-Core Processor                "
Offline,Dameron Hospital,CPC-Hth-ixxdIyB,Desktop,,,,CPC-Hth-ixxdIyB,2025-03-03T18:41:07Z,,
Offline,Dameron Hospital,CPC-Hth-ixxdIyB,Desktop,,Microsoft Windows 11 Enterprise 10.0.26100,0000-0005-6870-0314-0094-2484-08,CPC-Hth-ixxdIyB,2025-03-04T00:45:09Z,00:22:48:B5:24:13,"AMD EPYC 7763 64-Core Processor                "
Offline,Dameron Hospital,CPC-Hth-ixxdIyB,Desktop,,Microsoft Windows 11 Enterprise 10.0.26100,0000-0008-3175-9401-5663-4080-12,CPC-Hth-ixxdIyB,2025-03-04T06:47:07Z,00:0D:3A:C4:ED:12,"AMD EPYC 7763 64-Core Processor                "
Offline,Dameron Hospital,CPC-Hth-ixxdIyB,Desktop,,Microsoft Windows 11 Enterprise 10.0.26100,0000-0000-4959-7989-5161-7042-37,CPC-Hth-ixxdIyB,2025-03-04T12:50:00Z,00:22:48:7C:73:79,"AMD EPYC 7763 64-Core Processor                "
Offline,Dameron Hospital,CPC-Hth-ixxdIyB,Desktop,,Microsoft Windows 11 Enterprise 10.0.26100,0000-0013-2772-2974-8692-0099-53,CPC-Hth-ixxdIyB,2025-03-04T18:53:19Z,00:22:48:B9:7D:6F,"AMD EPYC 7763 64-Core Processor                "
Offline,Dameron Hospital,CPC-Hth-ixxdIyB,Desktop,,,,CPC-Hth-ixxdIyB,2025-03-05T06:59:31Z,,
Offline,Dameron Hospital,CPC-Hth-ixxdIyB,Desktop,,Microsoft Windows 11 Enterprise 10.0.26100,0000-0010-4924-6862-7778-3898-62,CPC-Hth-ixxdIyB,2025-03-05T13:02:15Z,00:0D:3A:F7:ED:BD,"AMD EPYC 7763 64-Core Processor                "
Offline,Dameron Hospital,CPC-Hth-ixxdIyB,Desktop,,Microsoft Windows 11 Enterprise 10.0.26100,0000-0011-0875-1465-5508-8734-94,CPC-Hth-ixxdIyB,2025-03-05T19:04:35Z,00:22:48:7E:8E:7A,"AMD EPYC 7763 64-Core Processor                "
Offline,Dameron Hospital,CPC-Hth-ixxdIyB,Desktop,,Microsoft Windows 11 Enterprise 10.0.26100,0000-0009-1142-8178-9773-2670-85,CPC-Hth-ixxdIyB,2025-03-06T01:08:03Z,00:0D:3A:FC:4E:1F,"AMD EPYC 7763 64-Core Processor                "
Offline,Dameron Hospital,CPC-Hth-ixxdIyB,Desktop,,Microsoft Windows 11 Enterprise 10.0.26100,0000-0002-0209-7946-5036-3189-60,CPC-Hth-ixxdIyB,2025-03-06T07:11:08Z,00:0D:3A:C6:26:6A,"AMD EPYC 7763 64-Core Processor                "
Offline,Dameron Hospital,CPC-Hth-ixxdIyB,Desktop,,Microsoft Windows 11 Enterprise 10.0.26100,0000-0001-2066-5218-8778-1198-90,CPC-Hth-ixxdIyB,2025-03-06T13:15:54Z,00:0D:3A:FD:AC:AC,"AMD EPYC 7763 64-Core Processor                "
Offline,Dameron Hospital,CPC-Hth-ixxdIyB,Desktop,,Microsoft Windows 11 Enterprise 10.0.26100,0000-0016-4842-7667-3851-5099-18,CPC-Hth-ixxdIyB,2025-03-06T19:17:28Z,00:22:48:BA:29:A1,"AMD EPYC 7763 64-Core Processor                "
Offline,Dameron Hospital,CPC-Hth-ixxdIyB,Desktop,,Microsoft Windows 11 Enterprise 10.0.26100,0000-0014-0937-4412-3798-2423-08,CPC-Hth-ixxdIyB,2025-03-07T01:19:22Z,00:22:48:76:B3:D5,"AMD EPYC 7763 64-Core Processor                "
Offline,Dameron Hospital,CPC-Hth-ixxdIyB,Desktop,,,,CPC-Hth-ixxdIyB,2025-03-07T07:22:35Z,,
Offline,Dameron Hospital,CPC-Hth-ixxdIyB,Desktop,,Microsoft Windows 11 Enterprise 10.0.26100,0000-0015-0686-8129-3324-8974-25,CPC-Hth-ixxdIyB,2025-03-07T13:27:23Z,00:22:48:B7:DF:AF,"AMD EPYC 7763 64-Core Processor                "
Offline,Dameron Hospital,CPC-Hth-ixxdIyB,Desktop,,Microsoft Windows 11 Enterprise 10.0.26100,0000-0018-0478-0893-5435-9126-56,CPC-Hth-ixxdIyB,2025-03-07T19:28:35Z,00:22:48:7C:41:82,"AMD EPYC 7763 64-Core Processor                "
Offline,Dameron Hospital,CPC-Hth-ixxdIyB,Desktop,,Microsoft Windows 11 Enterprise 10.0.26100,0000-0003-7637-9500-3016-6917-91,CPC-Hth-ixxdIyB,2025-03-08T01:32:11Z,00:0D:3A:F7:5A:0F,"AMD EPYC 7763 64-Core Processor                "
Offline,Dameron Hospital,CPC-Hth-ixxdIyB,Desktop,,Microsoft Windows 11 Enterprise 10.0.26100,0000-0008-9472-7270-4668-8149-69,CPC-Hth-ixxdIyB,2025-03-08T07:35:06Z,00:0D:3A:F9:18:7B,"AMD EPYC 7763 64-Core Processor                "
Offline,Dameron Hospital,CPC-Hth-ixxdIyB,Desktop,,Microsoft Windows 11 Enterprise 10.0.26100,0000-0009-8364-5322-5229-9951-95,CPC-Hth-ixxdIyB,2025-03-08T13:37:20Z,00:22:48:BC:6B:D3,"AMD EPYC 7763 64-Core Processor                "
Offline,Dameron Hospital,CPC-Hth-ixxdIyB,Desktop,,Microsoft Windows 11 Enterprise 10.0.26100,0000-0008-6868-7012-4096-8655-26,CPC-Hth-ixxdIyB,2025-03-08T19:41:02Z,00:0D:3A:FD:82:D4,"AMD EPYC 7763 64-Core Processor                "
Offline,Dameron Hospital,CPC-Hth-ixxdIyB,Desktop,,,,CPC-Hth-ixxdIyB,2025-03-09T01:45:45Z,,
Offline,Dameron Hospital,CPC-Hth-ixxdIyB,Desktop,,,,CPC-Hth-ixxdIyB,2025-03-09T07:48:43Z,,
Offline,Dameron Hospital,CPC-Hth-ixxdIyB,Desktop,,Microsoft Windows 11 Enterprise 10.0.26100,0000-0012-8553-5106-1720-6137-51,CPC-Hth-ixxdIyB,2025-03-09T13:49:30Z,00:22:48:B9:E6:14,"AMD EPYC 7763 64-Core Processor                "
Offline,Dameron Hospital,CPC-Hth-ixxdIyB,Desktop,,Microsoft Windows 11 Enterprise 10.0.26100,0000-0000-3169-3031-3001-5187-13,CPC-Hth-ixxdIyB,2025-03-09T19:53:50Z,00:22:48:C2:17:B4,"AMD EPYC 7763 64-Core Processor                "
Offline,Dameron Hospital,CPC-Hth-ixxdIyB,Desktop,,Microsoft Windows 11 Enterprise 10.0.26100,0000-0007-2489-9968-9613-2326-58,CPC-Hth-ixxdIyB,2025-03-10T01:56:02Z,00:0D:3A:C4:A7:A2,"AMD EPYC 7763 64-Core Processor                "
Offline,Dameron Hospital,CPC-Hth-ixxdIyB,Desktop,,,,CPC-Hth-ixxdIyB,2025-03-10T07:59:13Z,,
Offline,Dameron Hospital,CPC-Hth-ixxdIyB,Desktop,,Microsoft Windows 11 Enterprise 10.0.26100,0000-0008-7490-9217-1898-3732-69,CPC-Hth-ixxdIyB,2025-03-10T14:01:48Z,00:0D:3A:FD:FC:17,"AMD EPYC 7763 64-Core Processor                "
Offline,Dameron Hospital,CPC-Hth-ixxdIyB,Desktop,,Microsoft Windows 11 Enterprise 10.0.26100,0000-0006-3093-7447-2216-7270-46,CPC-Hth-ixxdIyB,2025-03-10T20:05:42Z,00:22:48:C2:3A:17,"AMD EPYC 7763 64-Core Processor                "
Offline,Dameron Hospital,CPC-Hth-ixxdIyB,Desktop,,Microsoft Windows 11 Enterprise 10.0.26100,0000-0013-8939-0392-3623-8401-54,CPC-Hth-ixxdIyB,2025-03-11T02:07:54Z,00:22:48:78:BA:16,"AMD EPYC 7763 64-Core Processor                "
Offline,Dameron Hospital,CPC-Hth-ixxdIyB,Desktop,,Microsoft Windows 11 Enterprise 10.0.26100,0000-0007-9933-5485-0521-5969-28,CPC-Hth-ixxdIyB,2025-03-11T08:12:22Z,00:22:48:B6:3D:D4,"AMD EPYC 7763 64-Core Processor                "
Offline,Dameron Hospital,CPC-Hth-ixxdIyB,Desktop,,Microsoft Windows 11 Enterprise 10.0.26100,0000-0015-4032-1747-0186-9971-28,CPC-Hth-ixxdIyB,2025-03-11T14:13:40Z,00:22:48:7B:35:6E,"AMD EPYC 7763 64-Core Processor                "
Offline,Dameron Hospital,CPC-Hth-ixxdIyB,Desktop,,Microsoft Windows 11 Enterprise 10.0.26100,0000-0016-8123-8943-4246-7111-57,CPC-Hth-ixxdIyB,2025-03-11T20:17:19Z,00:0D:3A:FE:4B:49,"AMD EPYC 7763 64-Core Processor                "
Offline,Dameron Hospital,CPC-Hth-ixxdIyB,Desktop,,Microsoft Windows 11 Enterprise 10.0.26100,0000-0015-0391-5732-7707-4565-63,CPC-Hth-ixxdIyB,2025-03-12T02:20:14Z,00:0D:3A:FD:86:B5,"AMD EPYC 7763 64-Core Processor                "
Offline,Dameron Hospital,CPC-Hth-ixxdIyB,Desktop,,,,CPC-Hth-ixxdIyB,2025-03-12T08:24:30Z,,
Offline,Dameron Hospital,CPC-Hth-ixxdIyB,Desktop,,Microsoft Windows 11 Enterprise 10.0.26100,0000-0018-0520-8757-4011-2657-04,CPC-Hth-ixxdIyB,2025-03-12T14:26:33Z,00:0D:3A:C6:62:E4,"AMD EPYC 7763 64-Core Processor                "
Offline,Dameron Hospital,CPC-Hth-ixxdIyB,Desktop,,Microsoft Windows 11 Enterprise 10.0.26100,0000-0001-1156-2211-6759-3252-31,CPC-Hth-ixxdIyB,2025-03-12T20:29:31Z,00:0D:3A:FC:F3:E7,"AMD EPYC 7763 64-Core Processor                "
Offline,Dameron Hospital,CPC-Hth-ixxdIyB,Desktop,,Microsoft Windows 11 Enterprise 10.0.26100,0000-0017-3598-2346-1825-5973-61,CPC-Hth-ixxdIyB,2025-03-13T02:33:45Z,00:0D:3A:C3:82:30,"AMD EPYC 7763 64-Core Processor                "
Offline,Dameron Hospital,CPC-Hth-ixxdIyB,Desktop,,Microsoft Windows 11 Enterprise 10.0.26100,0000-0010-8185-9903-4153-8807-62,CPC-Hth-ixxdIyB,2025-03-13T08:35:17Z,00:22:48:B8:4B:AB,"AMD EPYC 7763 64-Core Processor                "
Offline,Dameron Hospital,CPC-Hth-ixxdIyB,Desktop,,,,CPC-Hth-ixxdIyB,2025-03-13T14:38:58Z,,
Offline,Dameron Hospital,CPC-Hth-ixxdIyB,Desktop,,Microsoft Windows 11 Enterprise 10.0.26100,0000-0006-3650-6456-7541-8771-21,CPC-Hth-ixxdIyB,2025-03-13T20:42:36Z,00:22:48:B8:E7:3F,"AMD EPYC 7763 64-Core Processor                "
Offline,Dameron Hospital,CPC-Hth-ixxdIyB,Desktop,,Microsoft Windows 11 Enterprise 10.0.26100,0000-0002-6472-5385-2925-5456-26,CPC-Hth-ixxdIyB,2025-03-14T02:51:47Z,00:22:48:C0:4A:48,"AMD EPYC 7763 64-Core Processor                "
Offline,Dameron Hospital,CPC-Hth-ixxdIyB,Desktop,,Microsoft Windows 11 Enterprise 10.0.26100,0000-0007-9664-8320-9510-9320-50,CPC-Hth-ixxdIyB,2025-03-14T08:52:54Z,00:0D:3A:6E:4C:39,"AMD EPYC 7763 64-Core Processor                "
Offline,Dameron Hospital,CPC-Hth-ixxdIyB,Desktop,,Microsoft Windows 11 Enterprise 10.0.26100,0000-0002-7381-2964-9295-4425-61,CPC-Hth-ixxdIyB,2025-03-14T14:53:34Z,00:22:48:B8:62:EF,"AMD EPYC 7763 64-Core Processor                "
Offline,Dameron Hospital,CPC-Hth-ixxdIyB,Desktop,,Microsoft Windows 11 Enterprise 10.0.26100,0000-0014-9110-0411-9562-3409-55,CPC-Hth-ixxdIyB,2025-03-14T20:57:44Z,00:0D:3A:C5:81:60,"AMD EPYC 7763 64-Core Processor                "
Offline,Dameron Hospital,CPC-Hth-ixxdIyB,Desktop,,Microsoft Windows 11 Enterprise 10.0.26100,0000-0014-6215-7290-0152-6916-71,CPC-Hth-ixxdIyB,2025-03-15T03:03:01Z,00:22:48:B3:A5:0D,"AMD EPYC 7763 64-Core Processor                "
Offline,Dameron Hospital,CPC-Hth-ixxdIyB,Desktop,,Microsoft Windows 11 Enterprise 10.0.26100,0000-0010-0165-6193-5656-3058-97,CPC-Hth-ixxdIyB,2025-03-15T09:05:46Z,00:22:48:C2:00:A4,"AMD EPYC 7763 64-Core Processor                "
Offline,Dameron Hospital,CPC-Hth-ixxdIyB,Desktop,,Microsoft Windows 11 Enterprise 10.0.26100,0000-0009-5915-4748-4648-3926-82,CPC-Hth-ixxdIyB,2025-03-15T15:04:28Z,00:22:48:C0:6B:69,"AMD EPYC 7763 64-Core Processor                "
Offline,Dameron Hospital,CPC-Hth-ixxdIyB,Desktop,,Microsoft Windows 11 Enterprise 10.0.26100,0000-0013-8430-0533-9332-0673-88,CPC-Hth-ixxdIyB,2025-03-15T21:09:18Z,00:22:48:77:A9:44,"AMD EPYC 7763 64-Core Processor                "
Offline,Dameron Hospital,CPC-Hth-ixxdIyB,Desktop,,Microsoft Windows 11 Enterprise 10.0.26100,0000-0000-4270-4679-0943-6239-54,CPC-Hth-ixxdIyB,2025-03-16T03:12:09Z,00:22:48:B8:80:78,"AMD EPYC 7763 64-Core Processor                "
Offline,Dameron Hospital,CPC-Hth-ixxdIyB,Desktop,,Microsoft Windows 11 Enterprise 10.0.26100,0000-0001-9051-3923-9679-4461-67,CPC-Hth-ixxdIyB,2025-03-16T15:17:42Z,00:22:48:BE:55:BA,"AMD EPYC 7763 64-Core Processor                "
Offline,Dameron Hospital,CPC-Hth-ixxdIyB,Desktop,,Microsoft Windows 11 Enterprise 10.0.26100,0000-0001-6623-0306-8702-9190-81,CPC-Hth-ixxdIyB,2025-03-16T21:22:43Z,00:22:48:7C:97:45,"AMD EPYC 7763 64-Core Processor                "
Offline,Dameron Hospital,CPC-Hth-ixxdIyB,Desktop,,Microsoft Windows 11 Enterprise 10.0.26100,0000-0007-7139-1582-6277-6648-15,CPC-Hth-ixxdIyB,2025-03-17T03:21:21Z,00:0D:3A:F9:58:47,"AMD EPYC 7763 64-Core Processor                "
Offline,Dameron Hospital,CPC-Hth-ixxdIyB,Desktop,,Microsoft Windows 11 Enterprise 10.0.26100,0000-0016-9234-1139-1304-3859-00,CPC-Hth-ixxdIyB,2025-03-17T09:26:52Z,00:0D:3A:C3:E9:64,"AMD EPYC 7763 64-Core Processor                "
Offline,Dameron Hospital,CPC-Hth-ixxdIyB,Desktop,,Microsoft Windows 11 Enterprise 10.0.26100,0000-0002-8734-4185-0361-7268-28,CPC-Hth-ixxdIyB,2025-03-17T15:31:31Z,00:0D:3A:F7:77:96,"AMD EPYC 7763 64-Core Processor                "
Offline,Dameron Hospital,CPC-Hth-ixxdIyB,Desktop,,Microsoft Windows 11 Enterprise 10.0.26100,0000-0001-5479-7334-7240-9847-44,CPC-Hth-ixxdIyB,2025-03-17T21:38:37Z,00:0D:3A:F7:58:40,"AMD EPYC 7763 64-Core Processor                "
Offline,Dameron Hospital,CPC-Hth-ixxdIyB,Desktop,,Microsoft Windows 11 Enterprise 10.0.26100,0000-0007-6778-5289-2925-4805-73,CPC-Hth-ixxdIyB,2025-03-18T03:43:08Z,00:22:48:C0:4B:9F,"AMD EPYC 7763 64-Core Processor                "
Offline,Dameron Hospital,CPC-Hth-ixxdIyB,Desktop,,Microsoft Windows 11 Enterprise 10.0.26100,0000-0007-3989-5059-3959-9045-95,CPC-Hth-ixxdIyB,2025-03-18T09:45:42Z,00:0D:3A:FE:D6:0D,"AMD EPYC 7763 64-Core Processor                "
Offline,Dameron Hospital,CPC-Hth-ixxdIyB,Desktop,,Microsoft Windows 11 Enterprise 10.0.26100,0000-0012-2196-2013-3813-8332-90,CPC-Hth-ixxdIyB,2025-03-18T15:50:07Z,00:0D:3A:F6:DA:DA,"AMD EPYC 7763 64-Core Processor                "
Offline,Dameron Hospital,CPC-Hth-ixxdIyB,Desktop,,Microsoft Windows 11 Enterprise 10.0.26100,0000-0015-3062-0168-9154-6673-90,CPC-Hth-ixxdIyB,2025-03-18T21:53:18Z,00:22:48:C1:B9:41,"AMD EPYC 7763 64-Core Processor                "
Offline,Dameron Hospital,CPC-Hth-ixxdIyB,Desktop,,Microsoft Windows 11 Enterprise 10.0.26100,0000-0008-6616-8020-4836-5211-26,CPC-Hth-ixxdIyB,2025-03-19T03:54:17Z,00:22:48:7D:56:2A,"AMD EPYC 7763 64-Core Processor                "
Offline,Dameron Hospital,CPC-Hth-ixxdIyB,Desktop,,Microsoft Windows 11 Enterprise 10.0.26100,0000-0001-7315-8418-4582-2952-70,CPC-Hth-ixxdIyB,2025-03-19T09:58:31Z,00:0D:3A:F9:64:C4,"AMD EPYC 7763 64-Core Processor                "
Offline,Dameron Hospital,CPC-Hth-ixxdIyB,Desktop,,Microsoft Windows 11 Enterprise 10.0.26100,0000-0007-1881-0346-5153-2841-70,CPC-Hth-ixxdIyB,2025-03-19T16:01:53Z,00:0D:3A:07:44:9E,"AMD EPYC 7763 64-Core Processor                "
Offline,Dameron Hospital,CPC-Hth-ixxdIyB,Desktop,,Microsoft Windows 11 Enterprise 10.0.26100,0000-0004-7350-8003-0319-6936-64,CPC-Hth-ixxdIyB,2025-03-19T22:05:54Z,00:0D:3A:C4:2A:D9,"AMD EPYC 7763 64-Core Processor                "
Offline,Dameron Hospital,CPC-Hth-ixxdIyB,Desktop,,Microsoft Windows 11 Enterprise 10.0.26100,0000-0008-0937-8897-5871-5099-46,CPC-Hth-ixxdIyB,2025-03-20T04:06:21Z,00:0D:3A:6D:E1:8B,"AMD EPYC 7763 64-Core Processor                "
Offline,Dameron Hospital,CPC-Hth-ixxdIyB,Desktop,,Microsoft Windows 11 Enterprise 10.0.26100,0000-0017-8203-6551-2285-9660-29,CPC-Hth-ixxdIyB,2025-03-20T10:10:42Z,00:0D:3A:C5:F2:09,"AMD EPYC 7763 64-Core Processor                "
Offline,Dameron Hospital,CPC-Hth-ixxdIyB,Desktop,,Microsoft Windows 11 Enterprise 10.0.26100,0000-0014-5253-2917-1632-0475-14,CPC-Hth-ixxdIyB,2025-03-20T16:12:00Z,00:0D:3A:C6:63:EC,"AMD EPYC 7763 64-Core Processor                "
Offline,Dameron Hospital,CPC-Hth-ixxdIyB,Desktop,,Microsoft Windows 11 Enterprise 10.0.26100,0000-0010-1393-1096-0462-9402-90,CPC-Hth-ixxdIyB,2025-03-20T22:14:56Z,00:22:48:B9:18:40,"AMD EPYC 7763 64-Core Processor                "
Offline,Dameron Hospital,CPC-Hth-ixxdIyB,Desktop,,Microsoft Windows 11 Enterprise 10.0.26100,0000-0007-2575-3354-6950-4463-74,CPC-Hth-ixxdIyB,2025-03-21T04:18:54Z,00:22:48:B5:9B:5E,"AMD EPYC 7763 64-Core Processor                "
Offline,Dameron Hospital,CPC-Hth-ixxdIyB,Desktop,,Microsoft Windows 11 Enterprise 10.0.26100,0000-0014-1869-2882-8061-8622-90,CPC-Hth-ixxdIyB,2025-03-21T10:20:33Z,00:22:48:BC:34:AB,"AMD EPYC 7763 64-Core Processor                "
Offline,Dameron Hospital,CPC-Hth-ixxdIyB,Desktop,,,,CPC-Hth-ixxdIyB,2025-03-22T04:33:29Z,,
Offline,Dameron Hospital,CPC-Hth-ixxdIyB,Desktop,,Microsoft Windows 11 Enterprise 10.0.26100,0000-0012-4065-9658-5581-5285-11,CPC-Hth-ixxdIyB,2025-03-22T10:37:12Z,00:22:48:7E:95:68,"AMD EPYC 7763 64-Core Processor                "
Offline,Dameron Hospital,CPC-Hth-ixxdIyB,Desktop,,,,CPC-Hth-ixxdIyB,2025-03-22T16:39:45Z,,
Offline,Dameron Hospital,CPC-Hth-ixxdIyB,Desktop,,,,CPC-Hth-ixxdIyB,2025-03-22T22:42:12Z,,
Offline,Dameron Hospital,CPC-Hth-ixxdIyB,Desktop,,,,CPC-Hth-ixxdIyB,2025-03-23T04:46:06Z,,
Offline,Dameron Hospital,CPC-Hth-ixxdIyB,Desktop,,,,CPC-Hth-ixxdIyB,2025-03-23T10:49:48Z,,
Offline,Dameron Hospital,CPC-Hth-ixxdIyB,Desktop,,,,CPC-Hth-ixxdIyB,2025-03-23T16:52:05Z,,
Offline,Dameron Hospital,CPC-Hth-ixxdIyB,Desktop,,,,CPC-Hth-ixxdIyB,2025-03-23T22:54:27Z,,
Offline,Dameron Hospital,CPC-Hth-ixxdIyB,Desktop,,,,CPC-Hth-ixxdIyB,2025-03-24T05:06:30Z,,
Offline,Dameron Hospital,CPC-Hth-ixxdIyB,Desktop,,Microsoft Windows 11 Enterprise 10.0.26100,0000-0008-0174-8672-5779-6373-23,CPC-Hth-ixxdIyB,2025-03-24T11:09:37Z,00:0D:3A:C5:1D:76,"AMD EPYC 7763 64-Core Processor                "
Offline,Dameron Hospital,CPC-Hth-ixxdIyB,Desktop,,,,CPC-Hth-ixxdIyB,2025-03-24T23:15:10Z,,
Offline,Dameron Hospital,CPC-Hth-ixxdIyB,Desktop,,,,CPC-Hth-ixxdIyB,2025-03-25T05:18:13Z,,
Offline,Dameron Hospital,CPC-Hth-ixxdIyB,Desktop,,Microsoft Windows 11 Enterprise 10.0.26100,0000-0015-1228-3686-8095-6898-13,CPC-Hth-ixxdIyB,2025-03-25T11:20:22Z,00:22:48:B3:C4:6B,"AMD EPYC 7763 64-Core Processor                "
Offline,Dameron Hospital,CPC-Hth-ixxdIyB,Desktop,,Microsoft Windows 11 Enterprise 10.0.26100,0000-0016-3442-7746-1319-8944-81,CPC-Hth-ixxdIyB,2025-03-25T23:25:33Z,00:22:48:C0:4E:F8,"AMD EPYC 7763 64-Core Processor                "
Offline,Dameron Hospital,CPC-Hth-ixxdIyB,Desktop,,,,CPC-Hth-ixxdIyB,2025-03-26T05:29:52Z,,
Offline,Dameron Hospital,CPC-Hth-ixxdIyB,Desktop,,,,CPC-Hth-ixxdIyB,2025-03-26T11:33:34Z,,
Offline,Dameron Hospital,CPC-Hth-ixxdIyB,Desktop,,Microsoft Windows 11 Enterprise 10.0.26100,0000-0010-0574-5215-7176-2676-12,CPC-Hth-ixxdIyB,2025-03-26T17:35:01Z,00:22:48:B7:81:27,"AMD EPYC 7763 64-Core Processor                "
Offline,Dameron Hospital,CPC-Hth-ixxdIyB,Desktop,,,,CPC-Hth-ixxdIyB,2025-03-26T23:39:15Z,,
Offline,Dameron Hospital,CPC-Hth-jQbc2Fb,Desktop,,Microsoft Windows 10 Enterprise 10.0.19044,0000-0008-5544-2886-1840-6382-31,CPC-Hth-jQbc2Fb,2025-01-25T04:03:13Z,00:0D:3A:06:31:4F,"AMD EPYC 7763 64-Core Processor                "
Offline,Dameron Hospital,CPC-Hth-jQbc2Fb,Desktop,,Microsoft Windows 10 Enterprise 10.0.19044,0000-0017-2789-6955-1627-3080-96,CPC-Hth-jQbc2Fb,2025-01-25T10:06:08Z,00:0D:3A:C4:93:C2,"AMD EPYC 7763 64-Core Processor                "
Offline,Dameron Hospital,CPC-Hth-jQbc2Fb,Desktop,,Microsoft Windows 10 Enterprise 10.0.19044,0000-0006-3414-4523-2626-5192-20,CPC-Hth-jQbc2Fb,2025-01-25T16:09:08Z,00:22:48:C2:68:6B,"AMD EPYC 7763 64-Core Processor                "
Offline,Dameron Hospital,CPC-Hth-jQbc2Fb,Desktop,,Microsoft Windows 10 Enterprise 10.0.19044,0000-0018-2445-0809-3067-7737-08,CPC-Hth-jQbc2Fb,2025-01-25T22:14:01Z,00:22:48:78:14:33,"AMD EPYC 7763 64-Core Processor                "
Offline,Dameron Hospital,CPC-Hth-jQbc2Fb,Desktop,,Microsoft Windows 11 Enterprise 10.0.26100,0000-0016-8427-0572-6449-4697-35,CPC-Hth-jQbc2Fb,2025-01-26T05:02:39Z,00:22:48:B8:4D:49,"AMD EPYC 7763 64-Core Processor                "
Offline,Dameron Hospital,CPC-Hth-jQbc2Fb,Desktop,,Microsoft Windows 11 Enterprise 10.0.26100,0000-0001-1676-2264-7654-9929-67,CPC-Hth-jQbc2Fb,2025-01-26T12:50:46Z,00:22:48:BF:26:A3,"AMD EPYC 7763 64-Core Processor                "
Offline,Dameron Hospital,CPC-Hth-jQbc2Fb,Desktop,,Microsoft Windows 11 Enterprise 10.0.26100,0000-0018-3397-5409-9583-4363-73,CPC-Hth-jQbc2Fb,2025-01-26T19:23:58Z,00:0D:3A:F7:4E:42,"AMD EPYC 7763 64-Core Processor                "
Offline,Dameron Hospital,CPC-Hth-jQbc2Fb,Desktop,,Microsoft Windows 11 Enterprise 10.0.26100,0000-0000-1408-0002-9862-9366-66,CPC-Hth-jQbc2Fb,2025-01-26T22:30:41Z,00:0D:3A:FD:B5:00,"AMD EPYC 7763 64-Core Processor                "
Offline,Dameron Hospital,CPC-Hth-jQbc2Fb,Desktop,,Microsoft Windows 11 Enterprise 10.0.26100,0000-0018-0131-7125-7953-3714-62,CPC-Hth-jQbc2Fb,2025-01-27T04:32:09Z,00:22:48:B6:F9:60,"AMD EPYC 7763 64-Core Processor                "
Offline,Dameron Hospital,CPC-Hth-jQbc2Fb,Desktop,,Microsoft Windows 11 Enterprise 10.0.26100,0000-0015-2841-8221-3285-3984-69,CPC-Hth-jQbc2Fb,2025-01-27T10:34:44Z,00:22:48:C1:1E:ED,"AMD EPYC 7763 64-Core Processor                "
Offline,Dameron Hospital,CPC-Hth-jQbc2Fb,Desktop,,Microsoft Windows 11 Enterprise 10.0.26100,0000-0011-0004-1837-9734-8613-17,CPC-Hth-jQbc2Fb,2025-01-27T16:39:39Z,00:22:48:BE:32:CD,"AMD EPYC 7763 64-Core Processor                "
Offline,Dameron Hospital,CPC-Hth-jQbc2Fb,Desktop,,Microsoft Windows 11 Enterprise 10.0.26100,0000-0015-6431-6913-2918-7513-44,CPC-Hth-jQbc2Fb,2025-01-27T22:41:42Z,00:22:48:B9:F4:DD,"AMD EPYC 7763 64-Core Processor                "
Offline,Dameron Hospital,CPC-Hth-jQbc2Fb,Desktop,,Microsoft Windows 11 Enterprise 10.0.26100,0000-0014-7346-5326-2227-7185-92,CPC-Hth-jQbc2Fb,2025-01-28T04:44:38Z,00:22:48:77:A7:A0,"AMD EPYC 7763 64-Core Processor                "
Offline,Dameron Hospital,CPC-Hth-jQbc2Fb,Desktop,,Microsoft Windows 11 Enterprise 10.0.26100,0000-0008-6242-6305-9477-1855-29,CPC-Hth-jQbc2Fb,2025-01-28T22:53:43Z,00:0D:3A:F7:6B:84,"AMD EPYC 7763 64-Core Processor                "
Offline,Dameron Hospital,CPC-Hth-jQbc2Fb,Desktop,,Microsoft Windows 11 Enterprise 10.0.26100,0000-0013-4918-4529-7193-9616-82,CPC-Hth-jQbc2Fb,2025-01-28T23:56:19Z,00:22:48:B6:22:C9,"AMD EPYC 7763 64-Core Processor                "
Offline,Dameron Hospital,CPC-Hth-jQbc2Fb,Desktop,,Microsoft Windows 11 Enterprise 10.0.26100,0000-0016-4170-2842-4896-9566-98,CPC-Hth-jQbc2Fb,2025-01-29T05:58:55Z,00:0D:3A:F9:61:45,"AMD EPYC 7763 64-Core Processor                "
Offline,Dameron Hospital,CPC-Hth-jQbc2Fb,Desktop,,Microsoft Windows 11 Enterprise 10.0.26100,0000-0002-3046-2684-8354-6155-81,CPC-Hth-jQbc2Fb,2025-01-29T12:02:34Z,00:0D:3A:F9:25:09,"AMD EPYC 7763 64-Core Processor                "
Offline,Dameron Hospital,CPC-Hth-jQbc2Fb,Desktop,,Microsoft Windows 11 Enterprise 10.0.26100,0000-0009-3262-3961-4209-2481-27,CPC-Hth-jQbc2Fb,2025-01-29T18:05:03Z,00:0D:3A:F9:4E:A7,"AMD EPYC 7763 64-Core Processor                "
Offline,Dameron Hospital,CPC-Hth-jQbc2Fb,Desktop,,Microsoft Windows 11 Enterprise 10.0.26100,0000-0016-4547-6292-6206-1742-71,CPC-Hth-jQbc2Fb,2025-01-30T00:08:17Z,00:0D:3A:F9:82:4A,"AMD EPYC 7763 64-Core Processor                "
Offline,Dameron Hospital,CPC-Hth-jQbc2Fb,Desktop,,Microsoft Windows 11 Enterprise 10.0.26100,0000-0010-2298-3231-9971-7705-94,CPC-Hth-jQbc2Fb,2025-01-30T06:13:48Z,00:0D:3A:6F:1E:3E,"AMD EPYC 7763 64-Core Processor                "
Offline,Dameron Hospital,CPC-Hth-jQbc2Fb,Desktop,,Microsoft Windows 11 Enterprise 10.0.26100,0000-0001-8181-8898-1517-0456-04,CPC-Hth-jQbc2Fb,2025-01-30T12:18:23Z,00:0D:3A:C6:43:25,"AMD EPYC 7763 64-Core Processor                "
Offline,Dameron Hospital,CPC-Hth-jQbc2Fb,Desktop,,Microsoft Windows 11 Enterprise 10.0.26100,0000-0015-3983-1788-1343-2955-71,CPC-Hth-jQbc2Fb,2025-01-30T18:19:41Z,00:22:48:7C:14:A8,"AMD EPYC 7763 64-Core Processor                "
Offline,Dameron Hospital,CPC-Hth-jQbc2Fb,Desktop,,Microsoft Windows 11 Enterprise 10.0.26100,0000-0016-2318-3447-5956-2935-61,CPC-Hth-jQbc2Fb,2025-01-31T00:23:22Z,00:0D:3A:F7:4C:9D,"AMD EPYC 7763 64-Core Processor                "
Offline,Dameron Hospital,CPC-Hth-jQbc2Fb,Desktop,,Microsoft Windows 11 Enterprise 10.0.26100,0000-0007-0323-5852-6650-2377-81,CPC-Hth-jQbc2Fb,2025-01-31T18:31:23Z,00:0D:3A:FE:5A:BE,"AMD EPYC 7763 64-Core Processor                "
Offline,Dameron Hospital,CPC-Hth-jQbc2Fb,Desktop,,Microsoft Windows 11 Enterprise 10.0.26100,0000-0011-4909-9575-3178-6467-81,CPC-Hth-jQbc2Fb,2025-02-01T06:37:42Z,00:0D:3A:F9:1D:9E,"AMD EPYC 7763 64-Core Processor                "
Offline,Dameron Hospital,CPC-Hth-jQbc2Fb,Desktop,,Microsoft Windows 11 Enterprise 10.0.26100,0000-0007-9291-1385-8834-5806-33,CPC-Hth-jQbc2Fb,2025-02-01T18:45:01Z,00:0D:3A:C5:92:EF,"AMD EPYC 7763 64-Core Processor                "
Offline,Dameron Hospital,CPC-Hth-jQbc2Fb,Desktop,,Microsoft Windows 11 Enterprise 10.0.26100,0000-0007-2726-5388-8183-7465-80,CPC-Hth-jQbc2Fb,2025-02-02T00:47:56Z,00:22:48:B5:42:F0,"AMD EPYC 7763 64-Core Processor                "
Offline,Dameron Hospital,CPC-Hth-jQbc2Fb,Desktop,,Microsoft Windows 11 Enterprise 10.0.26100,0000-0012-2187-7089-3179-6024-58,CPC-Hth-jQbc2Fb,2025-02-02T06:50:21Z,00:0D:3A:F6:8F:2A,"AMD EPYC 7763 64-Core Processor                "
Offline,Dameron Hospital,CPC-Hth-jQbc2Fb,Desktop,,Microsoft Windows 11 Enterprise 10.0.26100,0000-0015-3513-2685-5161-3354-66,CPC-Hth-jQbc2Fb,2025-02-02T12:53:28Z,00:22:48:BD:61:2B,"AMD EPYC 7763 64-Core Processor                "
Offline,Dameron Hospital,CPC-Hth-jQbc2Fb,Desktop,,Microsoft Windows 11 Enterprise 10.0.26100,0000-0012-6609-0552-2974-7042-72,CPC-Hth-jQbc2Fb,2025-02-02T18:57:47Z,00:22:48:7D:B8:BD,"AMD EPYC 7763 64-Core Processor                "
Offline,Dameron Hospital,CPC-Hth-jQbc2Fb,Desktop,,Microsoft Windows 11 Enterprise 10.0.26100,0000-0012-6550-6466-7137-4592-59,CPC-Hth-jQbc2Fb,2025-02-03T07:03:14Z,00:0D:3A:06:DF:74,"AMD EPYC 7763 64-Core Processor                "
Offline,Dameron Hospital,CPC-Hth-jQbc2Fb,Desktop,,Microsoft Windows 11 Enterprise 10.0.26100,0000-0012-1503-7783-2373-7649-05,CPC-Hth-jQbc2Fb,2025-02-04T01:11:12Z,00:0D:3A:C5:16:0F,"AMD EPYC 7763 64-Core Processor                "
Offline,Dameron Hospital,CPC-Hth-jQbc2Fb,Desktop,,Microsoft Windows 11 Enterprise 10.0.26100,0000-0004-7704-7633-6121-8566-84,CPC-Hth-jQbc2Fb,2025-02-04T07:14:27Z,00:0D:3A:C3:49:42,"AMD EPYC 7763 64-Core Processor                "
Offline,Dameron Hospital,CPC-Hth-jQbc2Fb,Desktop,,Microsoft Windows 11 Enterprise 10.0.26100,0000-0014-9021-2671-8961-9942-76,CPC-Hth-jQbc2Fb,2025-02-04T19:21:41Z,00:22:48:7D:8F:61,"AMD EPYC 7763 64-Core Processor                "
Offline,Dameron Hospital,CPC-Hth-jQbc2Fb,Desktop,,Microsoft Windows 11 Enterprise 10.0.26100,0000-0008-8878-6123-3613-7515-26,CPC-Hth-jQbc2Fb,2025-02-05T01:24:37Z,00:0D:3A:FB:9A:2D,"AMD EPYC 7763 64-Core Processor                "
Offline,Dameron Hospital,CPC-Hth-jQbc2Fb,Desktop,,Microsoft Windows 11 Enterprise 10.0.26100,0000-0009-0769-8952-6148-4660-44,CPC-Hth-jQbc2Fb,2025-02-05T07:28:39Z,00:0D:3A:FD:4D:4A,"AMD EPYC 7763 64-Core Processor                "
Offline,Dameron Hospital,CPC-Hth-jQbc2Fb,Desktop,,Microsoft Windows 11 Enterprise 10.0.26100,0000-0004-8309-4784-6454-9849-00,CPC-Hth-jQbc2Fb,2025-02-05T13:30:36Z,00:22:48:B8:70:65,"AMD EPYC 7763 64-Core Processor                "
Offline,Dameron Hospital,CPC-Hth-jQbc2Fb,Desktop,,Microsoft Windows 11 Enterprise 10.0.26100,0000-0007-0586-3327-6117-3704-88,CPC-Hth-jQbc2Fb,2025-02-05T19:34:11Z,00:0D:3A:F9:65:54,"AMD EPYC 7763 64-Core Processor                "
Offline,Dameron Hospital,CPC-Hth-jQbc2Fb,Desktop,,Microsoft Windows 11 Enterprise 10.0.26100,0000-0011-1161-1982-4110-0106-56,CPC-Hth-jQbc2Fb,2025-02-06T01:37:22Z,00:0D:3A:F9:43:AB,"AMD EPYC 7763 64-Core Processor                "
Offline,Dameron Hospital,CPC-Hth-jQbc2Fb,Desktop,,Microsoft Windows 11 Enterprise 10.0.26100,0000-0006-0764-3697-0844-8652-39,CPC-Hth-jQbc2Fb,2025-02-06T07:41:35Z,00:22:48:77:56:FA,"AMD EPYC 7763 64-Core Processor                "
Offline,Dameron Hospital,CPC-Hth-jQbc2Fb,Desktop,,Microsoft Windows 11 Enterprise 10.0.26100,0000-0006-2385-7530-4610-3688-13,CPC-Hth-jQbc2Fb,2025-02-06T13:44:07Z,00:22:48:BF:4A:5D,"AMD EPYC 7763 64-Core Processor                "
Offline,Dameron Hospital,CPC-Hth-jQbc2Fb,Desktop,,Microsoft Windows 11 Enterprise 10.0.26100,0000-0002-0226-5069-3672-0622-06,CPC-Hth-jQbc2Fb,2025-02-06T19:46:00Z,00:0D:3A:6E:09:F2,"AMD EPYC 7763 64-Core Processor                "
Offline,Dameron Hospital,CPC-Hth-jQbc2Fb,Desktop,,Microsoft Windows 11 Enterprise 10.0.26100,0000-0017-1537-9077-5108-4528-32,CPC-Hth-jQbc2Fb,2025-02-07T01:47:14Z,00:0D:3A:F9:4B:6D,"AMD EPYC 7763 64-Core Processor                "
Offline,Dameron Hospital,CPC-Hth-jQbc2Fb,Desktop,,Microsoft Windows 11 Enterprise 10.0.26100,0000-0008-3328-5688-1348-8236-21,CPC-Hth-jQbc2Fb,2025-02-07T07:53:44Z,00:0D:3A:6E:0A:75,"AMD EPYC 7763 64-Core Processor                "
Offline,Dameron Hospital,CPC-Hth-jQbc2Fb,Desktop,,Microsoft Windows 11 Enterprise 10.0.26100,0000-0004-7638-9223-9123-5631-85,CPC-Hth-jQbc2Fb,2025-02-07T13:53:20Z,00:22:48:B7:10:FC,"AMD EPYC 7763 64-Core Processor                "
Offline,Dameron Hospital,CPC-Hth-jQbc2Fb,Desktop,,Microsoft Windows 11 Enterprise 10.0.26100,0000-0002-8845-3915-2504-9312-00,CPC-Hth-jQbc2Fb,2025-02-07T19:56:27Z,00:0D:3A:C4:ED:40,"AMD EPYC 7763 64-Core Processor                "
Offline,Dameron Hospital,CPC-Hth-jQbc2Fb,Desktop,,Microsoft Windows 11 Enterprise 10.0.26100,0000-0003-7332-2979-0124-2627-30,CPC-Hth-jQbc2Fb,2025-02-08T01:58:34Z,00:22:48:B3:AB:5C,"AMD EPYC 7763 64-Core Processor                "
Offline,Dameron Hospital,CPC-Hth-jQbc2Fb,Desktop,,Microsoft Windows 11 Enterprise 10.0.26100,0000-0014-4937-7791-6381-5155-38,CPC-Hth-jQbc2Fb,2025-02-08T08:02:47Z,00:22:48:B5:AC:4E,"AMD EPYC 7763 64-Core Processor                "
Offline,Dameron Hospital,CPC-Hth-jQbc2Fb,Desktop,,Microsoft Windows 11 Enterprise 10.0.26100,0000-0005-1183-4566-8447-8483-98,CPC-Hth-jQbc2Fb,2025-02-08T14:05:28Z,00:0D:3A:07:03:49,"AMD EPYC 7763 64-Core Processor                "
Offline,Dameron Hospital,CPC-Hth-jQbc2Fb,Desktop,,Microsoft Windows 11 Enterprise 10.0.26100,0000-0007-5647-4797-3033-2799-80,CPC-Hth-jQbc2Fb,2025-02-08T20:09:12Z,00:22:48:7C:3E:50,"AMD EPYC 7763 64-Core Processor                "
Offline,Dameron Hospital,CPC-Hth-jQbc2Fb,Desktop,,Microsoft Windows 11 Enterprise 10.0.26100,0000-0005-9168-4108-0252-8779-90,CPC-Hth-jQbc2Fb,2025-02-09T02:12:25Z,00:0D:3A:C5:7E:FD,"AMD EPYC 7763 64-Core Processor                "
Offline,Dameron Hospital,CPC-Hth-jQbc2Fb,Desktop,,Microsoft Windows 11 Enterprise 10.0.26100,0000-0013-6836-2077-5474-1210-26,CPC-Hth-jQbc2Fb,2025-02-10T02:23:09Z,00:0D:3A:C6:49:DB,"AMD EPYC 7763 64-Core Processor                "
Offline,Dameron Hospital,CPC-Hth-jQbc2Fb,Desktop,,Microsoft Windows 11 Enterprise 10.0.26100,0000-0002-4508-0833-2736-0894-85,CPC-Hth-jQbc2Fb,2025-02-10T08:26:25Z,00:22:48:79:18:48,"AMD EPYC 7763 64-Core Processor                "
Offline,Dameron Hospital,CPC-Hth-jQbc2Fb,Desktop,,Microsoft Windows 11 Enterprise 10.0.26100,0000-0014-5185-5719-8061-8827-66,CPC-Hth-jQbc2Fb,2025-02-10T14:28:43Z,00:0D:3A:C6:84:72,"AMD EPYC 7763 64-Core Processor                "
Offline,Dameron Hospital,CPC-Hth-jQbc2Fb,Desktop,,Microsoft Windows 11 Enterprise 10.0.26100,0000-0015-4353-7683-6507-4205-32,CPC-Hth-jQbc2Fb,2025-02-10T20:32:36Z,00:22:48:BA:3A:3C,"AMD EPYC 7763 64-Core Processor                "
Offline,Dameron Hospital,CPC-Hth-jQbc2Fb,Desktop,,Microsoft Windows 11 Enterprise 10.0.26100,0000-0011-2727-9516-8170-3285-45,CPC-Hth-jQbc2Fb,2025-02-11T02:34:52Z,00:0D:3A:FD:A2:EE,"AMD EPYC 7763 64-Core Processor                "
Offline,Dameron Hospital,CPC-Hth-jQbc2Fb,Desktop,,Microsoft Windows 11 Enterprise 10.0.26100,0000-0017-5515-6288-8108-7888-02,CPC-Hth-jQbc2Fb,2025-02-11T08:38:33Z,00:22:48:7B:E6:AA,"AMD EPYC 7763 64-Core Processor                "
Offline,Dameron Hospital,CPC-Hth-jQbc2Fb,Desktop,,Microsoft Windows 11 Enterprise 10.0.26100,0000-0017-8115-8075-8918-9072-43,CPC-Hth-jQbc2Fb,2025-02-11T14:41:34Z,00:0D:3A:FC:2B:22,"AMD EPYC 7763 64-Core Processor                "
Offline,Dameron Hospital,CPC-Hth-jQbc2Fb,Desktop,,Microsoft Windows 11 Enterprise 10.0.26100,0000-0007-5065-8868-0038-6627-54,CPC-Hth-jQbc2Fb,2025-02-11T20:44:23Z,00:22:48:BA:9B:8B,"AMD EPYC 7763 64-Core Processor                "
Offline,Dameron Hospital,CPC-Hth-jQbc2Fb,Desktop,,Microsoft Windows 11 Enterprise 10.0.26100,0000-0008-3641-3515-3924-0644-81,CPC-Hth-jQbc2Fb,2025-02-12T02:47:00Z,00:0D:3A:F7:FA:55,"AMD EPYC 7763 64-Core Processor                "
Offline,Dameron Hospital,CPC-Hth-jQbc2Fb,Desktop,,Microsoft Windows 11 Enterprise 10.0.26100,0000-0001-8865-3320-2697-9958-80,CPC-Hth-jQbc2Fb,2025-02-12T08:50:13Z,00:22:48:BC:C7:B8,"AMD EPYC 7763 64-Core Processor                "
Offline,Dameron Hospital,CPC-Hth-jQbc2Fb,Desktop,,,,CPC-Hth-jQbc2Fb,2025-02-12T14:53:40Z,,
Offline,Dameron Hospital,CPC-Hth-jQbc2Fb,Desktop,,Microsoft Windows 11 Enterprise 10.0.26100,0000-0010-4428-7849-6510-3328-27,CPC-Hth-jQbc2Fb,2025-02-12T20:55:50Z,00:0D:3A:06:B6:A5,"AMD EPYC 7763 64-Core Processor                "
Offline,Dameron Hospital,CPC-Hth-jQbc2Fb,Desktop,,Microsoft Windows 11 Enterprise 10.0.26100,0000-0002-1601-2957-7054-7171-32,CPC-Hth-jQbc2Fb,2025-02-13T02:59:32Z,00:0D:3A:F7:6F:FF,"AMD EPYC 7763 64-Core Processor                "
Offline,Dameron Hospital,CPC-Hth-jQbc2Fb,Desktop,,Microsoft Windows 11 Enterprise 10.0.26100,0000-0005-6305-9983-6037-9592-48,CPC-Hth-jQbc2Fb,2025-02-13T09:04:14Z,00:0D:3A:C3:0B:D1,"AMD EPYC 7763 64-Core Processor                "
Offline,Dameron Hospital,CPC-Hth-jQbc2Fb,Desktop,,Microsoft Windows 11 Enterprise 10.0.26100,0000-0005-6518-2580-3593-7952-88,CPC-Hth-jQbc2Fb,2025-02-13T15:04:46Z,00:0D:3A:F6:C5:A6,"AMD EPYC 7763 64-Core Processor                "
Offline,Dameron Hospital,CPC-Hth-jQbc2Fb,Desktop,,,,CPC-Hth-jQbc2Fb,2025-02-13T21:08:25Z,,
Offline,Dameron Hospital,CPC-Hth-jQbc2Fb,Desktop,,Microsoft Windows 11 Enterprise 10.0.26100,0000-0015-8088-3959-4757-0153-16,CPC-Hth-jQbc2Fb,2025-02-14T03:10:51Z,00:0D:3A:6D:DB:78,"AMD EPYC 7763 64-Core Processor                "
Offline,Dameron Hospital,CPC-Hth-jQbc2Fb,Desktop,,Microsoft Windows 11 Enterprise 10.0.26100,0000-0003-3135-5396-1538-3097-00,CPC-Hth-jQbc2Fb,2025-02-14T09:13:58Z,00:0D:3A:F7:B9:C9,"AMD EPYC 7763 64-Core Processor                "
Offline,Dameron Hospital,CPC-Hth-jQbc2Fb,Desktop,,Microsoft Windows 11 Enterprise 10.0.26100,0000-0005-8032-2157-3077-9759-83,CPC-Hth-jQbc2Fb,2025-02-14T15:19:36Z,00:0D:3A:C3:DF:B2,"AMD EPYC 7763 64-Core Processor                "
Offline,Dameron Hospital,CPC-Hth-jQbc2Fb,Desktop,,,,CPC-Hth-jQbc2Fb,2025-02-14T21:20:35Z,,
Offline,Dameron Hospital,CPC-Hth-jQbc2Fb,Desktop,,Microsoft Windows 11 Enterprise 10.0.26100,0000-0016-0964-5892-5702-0085-26,CPC-Hth-jQbc2Fb,2025-02-15T03:22:22Z,00:0D:3A:6C:BB:FC,"AMD EPYC 7763 64-Core Processor                "
Offline,Dameron Hospital,CPC-Hth-jQbc2Fb,Desktop,,Microsoft Windows 11 Enterprise 10.0.26100,0000-0014-3350-1867-5315-0984-41,CPC-Hth-jQbc2Fb,2025-02-15T09:26:02Z,00:22:48:BE:D3:1D,"AMD EPYC 7763 64-Core Processor                "
Offline,Dameron Hospital,CPC-Hth-jQbc2Fb,Desktop,,Microsoft Windows 11 Enterprise 10.0.26100,0000-0006-2313-6668-9643-3185-64,CPC-Hth-jQbc2Fb,2025-02-15T15:29:06Z,00:22:48:BB:C9:D4,"AMD EPYC 7763 64-Core Processor                "
Offline,Dameron Hospital,CPC-Hth-jQbc2Fb,Desktop,,Microsoft Windows 11 Enterprise 10.0.26100,0000-0002-4466-5517-8082-3709-64,CPC-Hth-jQbc2Fb,2025-02-15T21:35:23Z,00:22:48:7E:C1:8D,"AMD EPYC 7763 64-Core Processor                "
Offline,Dameron Hospital,CPC-Hth-jQbc2Fb,Desktop,,,,CPC-Hth-jQbc2Fb,2025-02-16T03:35:17Z,,
Offline,Dameron Hospital,CPC-Hth-jQbc2Fb,Desktop,,Microsoft Windows 11 Enterprise 10.0.26100,0000-0012-3429-4407-3369-3384-82,CPC-Hth-jQbc2Fb,2025-02-16T09:38:35Z,00:22:48:7E:7B:76,"AMD EPYC 7763 64-Core Processor                "
Offline,Dameron Hospital,CPC-Hth-jQbc2Fb,Desktop,,Microsoft Windows 11 Enterprise 10.0.26100,0000-0011-7417-4133-0806-3605-54,CPC-Hth-jQbc2Fb,2025-02-16T15:43:23Z,00:0D:3A:6E:68:A9,"AMD EPYC 7763 64-Core Processor                "
Offline,Dameron Hospital,CPC-Hth-jQbc2Fb,Desktop,,,,CPC-Hth-jQbc2Fb,2025-02-16T21:44:34Z,,
Offline,Dameron Hospital,CPC-Hth-jQbc2Fb,Desktop,,Microsoft Windows 11 Enterprise 10.0.26100,0000-0001-1351-6629-1259-7061-66,CPC-Hth-jQbc2Fb,2025-02-17T03:47:29Z,00:22:48:77:55:28,"AMD EPYC 7763 64-Core Processor                "
Offline,Dameron Hospital,CPC-Hth-jQbc2Fb,Desktop,,,,CPC-Hth-jQbc2Fb,2025-02-17T09:51:19Z,,
Offline,Dameron Hospital,CPC-Hth-jQbc2Fb,Desktop,,Microsoft Windows 11 Enterprise 10.0.26100,0000-0003-9856-9460-5001-5095-02,CPC-Hth-jQbc2Fb,2025-02-17T15:53:29Z,00:0D:3A:6E:83:A0,"AMD EPYC 7763 64-Core Processor                "
Offline,Dameron Hospital,CPC-Hth-jQbc2Fb,Desktop,,Microsoft Windows 11 Enterprise 10.0.26100,0000-0011-5976-2365-3123-4406-71,CPC-Hth-jQbc2Fb,2025-02-17T21:57:12Z,00:22:48:77:54:6B,"AMD EPYC 7763 64-Core Processor                "
Offline,Dameron Hospital,CPC-Hth-jQbc2Fb,Desktop,,,,CPC-Hth-jQbc2Fb,2025-02-18T03:58:56Z,,
Offline,Dameron Hospital,CPC-Hth-jQbc2Fb,Desktop,,Microsoft Windows 11 Enterprise 10.0.26100,0000-0007-7309-9056-6793-3000-02,CPC-Hth-jQbc2Fb,2025-02-18T10:03:35Z,00:0D:3A:FD:8A:C3,"AMD EPYC 7763 64-Core Processor                "
Offline,Dameron Hospital,CPC-Hth-jQbc2Fb,Desktop,,,,CPC-Hth-jQbc2Fb,2025-02-18T16:05:36Z,,
Offline,Dameron Hospital,CPC-Hth-jQbc2Fb,Desktop,,Microsoft Windows 11 Enterprise 10.0.26100,0000-0001-2394-5581-5365-5120-27,CPC-Hth-jQbc2Fb,2025-02-18T22:07:44Z,00:0D:3A:FD:C1:ED,"AMD EPYC 7763 64-Core Processor                "
Offline,Dameron Hospital,CPC-Hth-jQbc2Fb,Desktop,,Microsoft Windows 11 Enterprise 10.0.26100,0000-0003-5509-5459-3833-2098-40,CPC-Hth-jQbc2Fb,2025-02-19T04:11:33Z,00:22:48:B7:12:C6,"AMD EPYC 7763 64-Core Processor                "
Offline,Dameron Hospital,CPC-Hth-jQbc2Fb,Desktop,,Microsoft Windows 11 Enterprise 10.0.26100,0000-0008-7177-8448-1659-0439-57,CPC-Hth-jQbc2Fb,2025-02-19T10:14:11Z,00:0D:3A:6D:F7:48,"AMD EPYC 7763 64-Core Processor                "
Offline,Dameron Hospital,CPC-Hth-jQbc2Fb,Desktop,,Microsoft Windows 11 Enterprise 10.0.26100,0000-0017-3503-6673-9832-9798-01,CPC-Hth-jQbc2Fb,2025-02-19T16:17:21Z,00:0D:3A:FB:77:3F,"AMD EPYC 7763 64-Core Processor                "
Offline,Dameron Hospital,CPC-Hth-jQbc2Fb,Desktop,,Microsoft Windows 11 Enterprise 10.0.26100,0000-0010-8453-3174-6842-2309-24,CPC-Hth-jQbc2Fb,2025-02-19T22:19:56Z,00:22:48:B4:BF:7E,"AMD EPYC 7763 64-Core Processor                "
Offline,Dameron Hospital,CPC-Hth-jQbc2Fb,Desktop,,Microsoft Windows 11 Enterprise 10.0.26100,0000-0013-8563-5769-7999-1596-98,CPC-Hth-jQbc2Fb,2025-02-20T04:23:11Z,00:22:48:B5:BB:FC,"AMD EPYC 7763 64-Core Processor                "
Offline,Dameron Hospital,CPC-Hth-jQbc2Fb,Desktop,,Microsoft Windows 11 Enterprise 10.0.26100,0000-0007-4195-1222-4659-3581-32,CPC-Hth-jQbc2Fb,2025-02-20T10:26:09Z,00:22:48:B6:62:FE,"AMD EPYC 7763 64-Core Processor                "
Offline,Dameron Hospital,CPC-Hth-jQbc2Fb,Desktop,,,,CPC-Hth-jQbc2Fb,2025-02-20T16:29:24Z,,
Offline,Dameron Hospital,CPC-Hth-jQbc2Fb,Desktop,,Microsoft Windows 11 Enterprise 10.0.26100,0000-0012-5886-2051-0290-9217-69,CPC-Hth-jQbc2Fb,2025-02-20T22:32:45Z,00:0D:3A:F9:61:0E,"AMD EPYC 7763 64-Core Processor                "
Offline,Dameron Hospital,CPC-Hth-jQbc2Fb,Desktop,,Microsoft Windows 11 Enterprise 10.0.26100,0000-0011-8681-3974-4838-4365-73,CPC-Hth-jQbc2Fb,2025-02-21T04:35:25Z,00:0D:3A:6F:2E:12,"AMD EPYC 7763 64-Core Processor                "
Offline,Dameron Hospital,CPC-Hth-jQbc2Fb,Desktop,,Microsoft Windows 11 Enterprise 10.0.26100,0000-0002-7511-4261-9254-5089-52,CPC-Hth-jQbc2Fb,2025-02-21T10:39:31Z,00:0D:3A:FD:02:35,"AMD EPYC 7763 64-Core Processor                "
Offline,Dameron Hospital,CPC-Hth-jQbc2Fb,Desktop,,Microsoft Windows 11 Enterprise 10.0.26100,0000-0011-8109-9733-9696-6799-42,CPC-Hth-jQbc2Fb,2025-02-21T16:43:04Z,00:0D:3A:FD:D5:B2,"AMD EPYC 7763 64-Core Processor                "
Offline,Dameron Hospital,CPC-Hth-jQbc2Fb,Desktop,,Microsoft Windows 11 Enterprise 10.0.26100,0000-0006-3932-4911-9696-3417-13,CPC-Hth-jQbc2Fb,2025-02-21T22:44:05Z,00:22:48:B9:76:8E,"AMD EPYC 7763 64-Core Processor                "
Offline,Dameron Hospital,CPC-Hth-jQbc2Fb,Desktop,,Microsoft Windows 11 Enterprise 10.0.26100,0000-0010-9072-4987-9157-5258-44,CPC-Hth-jQbc2Fb,2025-02-22T04:47:19Z,00:22:48:BD:B6:2C,"AMD EPYC 7763 64-Core Processor                "
Offline,Dameron Hospital,CPC-Hth-jQbc2Fb,Desktop,,Microsoft Windows 11 Enterprise 10.0.26100,0000-0006-4384-0471-2568-2128-74,CPC-Hth-jQbc2Fb,2025-02-22T10:51:13Z,00:22:48:BC:D8:7D,"AMD EPYC 7763 64-Core Processor                "
Offline,Dameron Hospital,CPC-Hth-jQbc2Fb,Desktop,,,,CPC-Hth-jQbc2Fb,2025-02-22T16:54:51Z,,
Offline,Dameron Hospital,CPC-Hth-jQbc2Fb,Desktop,,Microsoft Windows 11 Enterprise 10.0.26100,0000-0004-0025-7521-6107-5392-78,CPC-Hth-jQbc2Fb,2025-02-22T22:56:03Z,00:0D:3A:F9:AE:42,"AMD EPYC 7763 64-Core Processor                "
Offline,Dameron Hospital,CPC-Hth-jQbc2Fb,Desktop,,Microsoft Windows 11 Enterprise 10.0.26100,0000-0011-2142-7465-8350-4159-38,CPC-Hth-jQbc2Fb,2025-02-23T04:59:25Z,00:22:48:77:82:59,"AMD EPYC 7763 64-Core Processor                "
Offline,Dameron Hospital,CPC-Hth-jQbc2Fb,Desktop,,Microsoft Windows 11 Enterprise 10.0.26100,0000-0001-6916-7900-1612-7979-75,CPC-Hth-jQbc2Fb,2025-02-23T11:02:03Z,00:22:48:C1:26:EA,"AMD EPYC 7763 64-Core Processor                "
Offline,Dameron Hospital,CPC-Hth-jQbc2Fb,Desktop,,Microsoft Windows 11 Enterprise 10.0.26100,0000-0012-1296-4527-6529-0517-11,CPC-Hth-jQbc2Fb,2025-02-23T17:05:11Z,00:22:48:7C:87:ED,"AMD EPYC 7763 64-Core Processor                "
Offline,Dameron Hospital,CPC-Hth-jQbc2Fb,Desktop,,Microsoft Windows 11 Enterprise 10.0.26100,0000-0002-5529-9241-4189-3084-93,CPC-Hth-jQbc2Fb,2025-02-23T23:07:36Z,00:22:48:B9:02:1B,"AMD EPYC 7763 64-Core Processor                "
Offline,Dameron Hospital,CPC-Hth-jQbc2Fb,Desktop,,Microsoft Windows 11 Enterprise 10.0.26100,0000-0000-5337-6820-3247-3722-98,CPC-Hth-jQbc2Fb,2025-02-24T05:10:12Z,00:0D:3A:FB:1D:94,"AMD EPYC 7763 64-Core Processor                "
Offline,Dameron Hospital,CPC-Hth-jQbc2Fb,Desktop,,Microsoft Windows 11 Enterprise 10.0.26100,0000-0001-7630-7954-5077-7783-22,CPC-Hth-jQbc2Fb,2025-02-24T11:13:57Z,00:0D:3A:07:44:0C,"AMD EPYC 7763 64-Core Processor                "
Offline,Dameron Hospital,CPC-Hth-jQbc2Fb,Desktop,,Microsoft Windows 11 Enterprise 10.0.26100,0000-0003-6193-3217-3744-7214-87,CPC-Hth-jQbc2Fb,2025-02-24T17:16:36Z,00:0D:3A:C6:68:1C,"AMD EPYC 7763 64-Core Processor                "
Offline,Dameron Hospital,CPC-Hth-jQbc2Fb,Desktop,,Microsoft Windows 11 Enterprise 10.0.26100,0000-0009-0285-2036-1597-6195-81,CPC-Hth-jQbc2Fb,2025-02-24T23:21:07Z,00:0D:3A:FE:F9:3E,"AMD EPYC 7763 64-Core Processor                "
Offline,Dameron Hospital,CPC-Hth-jQbc2Fb,Desktop,,,,CPC-Hth-jQbc2Fb,2025-02-25T05:23:27Z,,
Offline,Dameron Hospital,CPC-Hth-jQbc2Fb,Desktop,,Microsoft Windows 11 Enterprise 10.0.26100,0000-0014-1978-4161-2068-5060-73,CPC-Hth-jQbc2Fb,2025-02-25T11:26:48Z,00:0D:3A:6D:2D:82,"AMD EPYC 7763 64-Core Processor                "
Offline,Dameron Hospital,CPC-Hth-jQbc2Fb,Desktop,,,,CPC-Hth-jQbc2Fb,2025-02-25T17:30:37Z,,
Offline,Dameron Hospital,CPC-Hth-jQbc2Fb,Desktop,,Microsoft Windows 11 Enterprise 10.0.26100,0000-0016-8378-6058-4020-8531-08,CPC-Hth-jQbc2Fb,2025-02-25T23:31:49Z,00:0D:3A:C4:50:22,"AMD EPYC 7763 64-Core Processor                "
Offline,Dameron Hospital,CPC-Hth-jQbc2Fb,Desktop,,,,CPC-Hth-jQbc2Fb,2025-02-26T05:35:44Z,,
Offline,Dameron Hospital,CPC-Hth-jQbc2Fb,Desktop,,Microsoft Windows 11 Enterprise 10.0.26100,0000-0018-2974-5128-0717-5978-47,CPC-Hth-jQbc2Fb,2025-02-26T11:42:23Z,00:0D:3A:6F:0F:C7,"AMD EPYC 7763 64-Core Processor                "
Offline,Dameron Hospital,CPC-Hth-jQbc2Fb,Desktop,,Microsoft Windows 11 Enterprise 10.0.26100,0000-0012-3036-3883-5772-6062-95,CPC-Hth-jQbc2Fb,2025-02-26T17:44:06Z,00:0D:3A:6E:F4:A6,"AMD EPYC 7763 64-Core Processor                "
Offline,Dameron Hospital,CPC-Hth-jQbc2Fb,Desktop,,,,CPC-Hth-jQbc2Fb,2025-02-26T23:45:50Z,,
Offline,Dameron Hospital,CPC-Hth-jQbc2Fb,Desktop,,Microsoft Windows 11 Enterprise 10.0.26100,0000-0007-9714-9092-2006-3983-17,CPC-Hth-jQbc2Fb,2025-02-27T05:46:54Z,00:0D:3A:F9:26:C9,"AMD EPYC 7763 64-Core Processor                "
Offline,Dameron Hospital,CPC-Hth-jQbc2Fb,Desktop,,Microsoft Windows 11 Enterprise 10.0.26100,0000-0014-5726-6243-4220-4263-01,CPC-Hth-jQbc2Fb,2025-02-27T11:50:43Z,00:0D:3A:F5:07:77,"AMD EPYC 7763 64-Core Processor                "
Offline,Dameron Hospital,CPC-Hth-jQbc2Fb,Desktop,,Microsoft Windows 11 Enterprise 10.0.26100,0000-0006-5593-5043-4996-7655-83,CPC-Hth-jQbc2Fb,2025-02-27T17:54:06Z,00:22:48:76:D2:E4,"AMD EPYC 7763 64-Core Processor                "
Offline,Dameron Hospital,CPC-Hth-jQbc2Fb,Desktop,,Microsoft Windows 11 Enterprise 10.0.26100,0000-0004-2690-4953-9424-5050-84,CPC-Hth-jQbc2Fb,2025-02-27T23:55:51Z,00:0D:3A:6E:8E:65,"AMD EPYC 7763 64-Core Processor                "
Offline,Dameron Hospital,CPC-Hth-jQbc2Fb,Desktop,,Microsoft Windows 11 Enterprise 10.0.26100,0000-0008-5247-3880-2589-4543-12,CPC-Hth-jQbc2Fb,2025-02-28T05:59:04Z,00:22:48:B6:07:01,"AMD EPYC 7763 64-Core Processor                "
Offline,Dameron Hospital,CPC-Hth-jQbc2Fb,Desktop,,Microsoft Windows 11 Enterprise 10.0.26100,0000-0004-6203-2757-4638-1203-84,CPC-Hth-jQbc2Fb,2025-02-28T12:03:20Z,00:0D:3A:F5:C5:C6,"AMD EPYC 7763 64-Core Processor                "
Offline,Dameron Hospital,CPC-Hth-jQbc2Fb,Desktop,,Microsoft Windows 11 Enterprise 10.0.26100,0000-0005-9620-9256-0506-2431-64,CPC-Hth-jQbc2Fb,2025-02-28T18:05:27Z,00:0D:3A:6D:04:0E,"AMD EPYC 7763 64-Core Processor                "
Offline,Dameron Hospital,CPC-Hth-jQbc2Fb,Desktop,,Microsoft Windows 11 Enterprise 10.0.26100,0000-0015-4020-2598-1122-2688-79,CPC-Hth-jQbc2Fb,2025-03-01T00:07:53Z,00:0D:3A:C4:93:1D,"AMD EPYC 7763 64-Core Processor                "
Offline,Dameron Hospital,CPC-Hth-jQbc2Fb,Desktop,,,,CPC-Hth-jQbc2Fb,2025-03-01T06:11:25Z,,
Offline,Dameron Hospital,CPC-Hth-jQbc2Fb,Desktop,,Microsoft Windows 11 Enterprise 10.0.26100,0000-0008-6255-7055-8440-3256-34,CPC-Hth-jQbc2Fb,2025-03-01T12:14:11Z,00:0D:3A:C5:56:36,"AMD EPYC 7763 64-Core Processor                "
Offline,Dameron Hospital,CPC-Hth-jQbc2Fb,Desktop,,Microsoft Windows 11 Enterprise 10.0.26100,0000-0002-8846-6837-9541-9483-68,CPC-Hth-jQbc2Fb,2025-03-01T18:16:29Z,00:22:48:B8:0F:81,"AMD EPYC 7763 64-Core Processor                "
Offline,Dameron Hospital,CPC-Hth-jQbc2Fb,Desktop,,,,CPC-Hth-jQbc2Fb,2025-03-02T00:20:14Z,,
Offline,Dameron Hospital,CPC-Hth-jQbc2Fb,Desktop,,Microsoft Windows 11 Enterprise 10.0.26100,0000-0017-8044-6377-7472-2010-70,CPC-Hth-jQbc2Fb,2025-03-02T06:23:05Z,00:0D:3A:F9:22:24,"AMD EPYC 7763 64-Core Processor                "
Offline,Dameron Hospital,CPC-Hth-jQbc2Fb,Desktop,,,,CPC-Hth-jQbc2Fb,2025-03-02T12:26:41Z,,
Offline,Dameron Hospital,CPC-Hth-jQbc2Fb,Desktop,,Microsoft Windows 11 Enterprise 10.0.26100,0000-0001-2072-1251-4389-6084-52,CPC-Hth-jQbc2Fb,2025-03-02T18:29:20Z,00:0D:3A:FC:09:CE,"AMD EPYC 7763 64-Core Processor                "
Offline,Dameron Hospital,CPC-Hth-jQbc2Fb,Desktop,,Microsoft Windows 11 Enterprise 10.0.26100,0000-0012-3727-3233-1014-3100-63,CPC-Hth-jQbc2Fb,2025-03-03T00:31:47Z,00:22:48:B7:AF:90,"AMD EPYC 7763 64-Core Processor                "
Offline,Dameron Hospital,CPC-Hth-jQbc2Fb,Desktop,,,,CPC-Hth-jQbc2Fb,2025-03-03T06:37:15Z,,
Offline,Dameron Hospital,CPC-Hth-jQbc2Fb,Desktop,,Microsoft Windows 11 Enterprise 10.0.26100,0000-0009-5042-4727-1439-6820-41,CPC-Hth-jQbc2Fb,2025-03-03T12:39:09Z,00:0D:3A:6E:34:BE,"AMD EPYC 7763 64-Core Processor                "
Offline,Dameron Hospital,CPC-Hth-jQbc2Fb,Desktop,,Microsoft Windows 11 Enterprise 10.0.26100,0000-0009-9510-0080-4649-0288-97,CPC-Hth-jQbc2Fb,2025-03-03T18:42:13Z,00:0D:3A:F6:86:7A,"AMD EPYC 7763 64-Core Processor                "
Offline,Dameron Hospital,CPC-Hth-jQbc2Fb,Desktop,,,,CPC-Hth-jQbc2Fb,2025-03-04T00:45:51Z,,
Offline,Dameron Hospital,CPC-Hth-jQbc2Fb,Desktop,,Microsoft Windows 11 Enterprise 10.0.26100,0000-0007-3359-8745-3019-8346-48,CPC-Hth-jQbc2Fb,2025-03-04T06:47:05Z,00:22:48:7E:9D:FA,"AMD EPYC 7763 64-Core Processor                "
Offline,Dameron Hospital,CPC-Hth-jQbc2Fb,Desktop,,Microsoft Windows 11 Enterprise 10.0.26100,0000-0014-3772-6208-8957-5426-61,CPC-Hth-jQbc2Fb,2025-03-04T12:49:37Z,00:0D:3A:C4:57:29,"AMD EPYC 7763 64-Core Processor                "